id,alpha2,alpha3,ar,bg,cs,da,de,el,en,eo,es,et,eu,fi,fr,hr,hu,hy,it,ja,ko,lt,nl,no,pl,pt,ro,ru,sk,sl,sr,sv,th,uk,zh,zh-tw
4,af,afg,أفغانستان,Афганистан,Afghánistán,Afghanistan,Afghanistan,Αφγανιστάν,Afghanistan,Afganio,Afganistán,Afganistan,Afganistan,Afganistan,Afghanistan,Afganistan,Afganisztán,Աֆղանստան,Afghanistan,アフガニスタン,아프가니스탄,Afganistanas,Afghanistan,Afghanistan,Afganistan,Afeganistão,Afganistan,Афганистан,Afganistan,Afganistan,Avganistan,Afghanistan,อัฟกานิสถาน,Афганістан,阿富汗,阿富汗
8,al,alb,ألبانيا,Албания,Albánie,Albanien,Albanien,Αλβανία,Albania,Albanio,Albania,Albaania,Albania,Albania,Albanie,Albanija,Albánia,Ալբանիա,Albania,アルバニア,알바니아,Albanija,Albanië,Albania,Albania,Albânia,Albania,Албания,Albánsko,Albanija,Albanija,Albanien,แอลเบเนีย,Албанія,阿尔巴尼亚,阿爾巴尼亞
12,dz,dza,الجزائر,Алжир,Alžírsko,Algeriet,Algerien,Αλγερία,Algeria,Alĝerio,Argelia,Alžeeria,Aljeria,Algeria,Algérie,Alžir,Algéria,Ալժիր,Algeria,アルジェリア,알제리,Alžyras,Algerije,Algerie,Algieria,Argélia,Algeria,Алжир,Alžírsko,Alžirija,Alžir,Algeriet,แอลจีเรีย,Алжир,阿尔及利亚,阿爾及利亞
20,ad,and,أندورا,Андора,Andorra,Andorra,Andorra,Ανδόρρα,Andorra,Andoro,Andorra,Andorra,Andorra,Andorra,Andorre,Andora,Andorra,Անդորրա,Andorra,アンドラ,안도라,Andora,Andorra,Andorra,Andora,Andorra,Andorra,Андорра,Andorra,Andora,Andora,Andorra,อันดอร์รา,Андорра,安道尔,安道爾
24,ao,ago,أنغولا,Ангола,Angola,Angola,Angola,Ανγκόλα,Angola,Angolo,Angola,Angola,Angola,Angola,Angola,Angola,Angola,Անգոլա,Angola,アンゴラ,앙골라,Angola,Angola,Angola,Angola,Angola,Angola,Ангола,Angola,Angola,Angola,Angola,แองโกลา,Ангола,安哥拉,安哥拉
28,ag,atg,"أنتيغوا وباربودا","Антигуа и Барбуда","Antigua a Barbuda","Antigua og Barbuda","Antigua und Barbuda","Αντίγκουα και Μπαρμπούντα","Antigua and Barbuda","Antigvo kaj Barbudo","Antigua y Barbuda","Antigua ja Barbuda","Antigua eta Barbuda","Antigua ja Barbuda",Antigua-et-Barbuda,"Antigva i Barbuda","Antigua és Barbuda","Անտիգուա և Բարբուդա","Antigua e Barbuda",アンティグア・バーブーダ,"앤티가 바부다","Antigva ir Barbuda","Antigua en Barbuda","Antigua og Barbuda","Antigua i Barbuda","Antígua e Barbuda","Antigua și Barbuda","Антигуа и Барбуда","Antigua a Barbuda","Antigva in Barbuda","Antigva i Barbuda","Antigua och Barbuda",แอนทีกาและบาร์บิวดา,"Антигуа і Барбуда",安提瓜和巴布达,安地卡及巴布達
32,ar,arg,الأرجنتين,Аржентина,Argentina,Argentina,Argentinien,Αργεντινή,Argentina,Argentino,Argentina,Argentina,Argentina,Argentiina,Argentine,Argentina,Argentína,Արգենտինա,Argentina,アルゼンチン,아르헨티나,Argentina,Argentinië,Argentina,Argentyna,Argentina,Argentina,Аргентина,Argentína,Argentina,Argentina,Argentina,อาร์เจนตินา,Аргентина,阿根廷,阿根廷
51,am,arm,أرمينيا,Армения,Arménie,Armenien,Armenien,Αρμενία,Armenia,Armenio,Armenia,Armeenia,Armenia,Armenia,Arménie,Armenija,Örményország,Հայաստան,Armenia,アルメニア,아르메니아,Armėnija,Armenië,Armenia,Armenia,Armênia,Armenia,Армения,Arménsko,Armenija,Jermenija,Armenien,อาร์มีเนีย,Вірменія,亚美尼亚,亞美尼亞
36,au,aus,أستراليا,Австралия,Austrálie,Australien,Australien,Αυστραλία,Australia,Aŭstralio,Australia,Austraalia,Australia,Australia,Australie,Australija,Ausztrália,Ավստրալիա,Australia,オーストラリア,오스트레일리아,Australija,Australië,Australia,Australia,Austrália,Australia,Австралия,Austrália,Avstralija,Australija,Australien,ออสเตรเลีย,Австралія,澳大利亚,澳洲
40,at,aut,النمسا,Австрия,Rakousko,Østrig,Österreich,Αυστρία,Austria,Aŭstrio,Austria,Austria,Austria,Itävalta,Autriche,Austrija,Ausztria,Ավստրիա,Austria,オーストリア,오스트리아,Austrija,Oostenrijk,Østerrike,Austria,Áustria,Austria,Австрия,Rakúsko,Avstrija,Austrija,Österrike,ออสเตรีย,Австрія,奥地利,奧地利
31,az,aze,أذربيجان,Азербайджан,Ázerbájdžán,Aserbajdsjan,Aserbaidschan,Αζερμπαϊτζάν,Azerbaijan,Azerbajĝano,Azerbaiyán,Aserbaidžaan,Azerbaijan,Azerbaidžan,Azerbaïdjan,Azerbajdžan,Azerbajdzsán,Ադրբեջան,Azerbaigian,アゼルバイジャン,아제르바이잔,Azerbaidžanas,Azerbeidzjan,Aserbajdsjan,Azerbejdżan,Azerbaijão,Azerbaidjan,Азербайджан,Azerbajdžan,Azerbajdžan,Azerbejdžan,Azerbajdzjan,อาเซอร์ไบจาน,Азербайджан,阿塞拜疆,亞塞拜然
44,bs,bhs,باهاماس,"Бахамски острови",Bahamy,Bahamas,Bahamas,Μπαχάμες,Bahamas,Bahamoj,Bahamas,Bahama,Bahamak,Bahama,Bahamas,Bahami,Bahama-szigetek,Բահամներ,Bahamas,バハマ,바하마,Bahamos,Bahama's,Bahamas,Bahamy,Bahamas,Bahamas,"Багамские Острова",Bahamy,Bahami,Bahami,Bahamas,บาฮามาส,"Багамські Острови",巴哈马,巴哈馬
48,bh,bhr,البحرين,Бахрейн,Bahrajn,Bahrain,Bahrain,Μπαχρέιν,Bahrain,Barejno,Baréin,Bahrein,Bahrain,Bahrain,Bahreïn,Bahrein,Bahrein,Բահրեյն,Bahrein,バーレーン,바레인,Bahreinas,Bahrein,Bahrain,Bahrajn,Barém,Bahrain,Бахрейн,Bahrajn,Bahrajn,Bahrein,Bahrain,บาห์เรน,Бахрейн,巴林,巴林
50,bd,bgd,بنغلاديش,Бангладеш,Bangladéš,Bangladesh,Bangladesch,Μπανγκλαντές,Bangladesh,Bangladeŝo,Bangladés,Bangladesh,Bangladesh,Bangladesh,Bangladesh,Bangladeš,Banglades,Բանգլադեշ,Bangladesh,バングラデシュ,방글라데시,Bangladešas,Bangladesh,Bangladesh,Bangladesz,Bangladexe,Bangladesh,Бангладеш,Bangladéš,Bangladeš,Bangladeš,Bangladesh,บังกลาเทศ,Бангладеш,孟加拉国,孟加拉
52,bb,brb,باربادوس,Барбадос,Barbados,Barbados,Barbados,Μπαρμπάντος,Barbados,Barbado,Barbados,Barbados,Barbados,Barbados,Barbade,Barbados,Barbados,Բարբադոս,Barbados,バルバドス,바베이도스,Barbadosas,Barbados,Barbados,Barbados,Barbados,Barbados,Барбадос,Barbados,Barbados,Barbados,Barbados,บาร์เบโดส,Барбадос,巴巴多斯,巴貝多
112,by,blr,بيلاروس,Беларус,Bělorusko,Hviderusland,Belarus,Λευκορωσία,Belarus,Belorusio,Bielorrusia,Valgevene,Bielorrusia,Valko-Venäjä,Biélorussie,Bjelorusija,Fehéroroszország,Բելառուս,Bielorussia,ベラルーシ,벨라루스,Baltarusija,Wit-Rusland,Belarus,Białoruś,Bielorrússia,Belarus,Беларусь,Bielorusko,Belorusija,Belorusija,Belarus,เบลารุส,Білорусь,白俄罗斯,白俄羅斯
56,be,bel,بلجيكا,Белгия,Belgie,Belgien,Belgien,Βέλγιο,Belgium,Belgio,Bélgica,Belgia,Belgika,Belgia,Belgique,Belgija,Belgium,Բելգիա,Belgio,ベルギー,벨기에,Belgija,België,Belgia,Belgia,Bélgica,Belgia,Бельгия,Belgicko,Belgija,Belgija,Belgien,เบลเยียม,Бельгія,比利时,比利時
84,bz,blz,بليز,Белиз,Belize,Belize,Belize,Μπελίζ,Belize,Belizo,Belice,Belize,Belize,Belize,Belize,Belize,Belize,Բելիզ,Belize,ベリーズ,벨리즈,Belizas,Belize,Belize,Belize,Belize,Belize,Белиз,Belize,Belize,Belize,Belize,เบลีซ,Беліз,伯利兹,貝里斯
204,bj,ben,بنين,Бенин,Benin,Benin,Benin,Μπενίν,Benin,Benino,Benín,Benin,Benin,Benin,Bénin,Benin,Benin,Բենին,Benin,ベナン,베냉,Beninas,Benin,Benin,Benin,Benim,Benin,Бенин,Benin,Benin,Benin,Benin,เบนิน,Бенін,贝宁,貝南
64,bt,btn,بوتان,Бутан,Bhútán,Bhutan,Bhutan,Μπουτάν,Bhutan,Butano,Bután,Bhutan,Bhutan,Bhutan,Bhoutan,Butan,Bhután,Բութան,Bhutan,ブータン,부탄,Butanas,Bhutan,Bhutan,Bhutan,Butão,Bhutan,Бутан,Bhután,Butan,Butan,Bhutan,ภูฏาน,Бутан,不丹,不丹
68,bo,bol,بوليفيا,Боливия,Bolívie,Bolivia,Bolivien,Βολιβία,"Bolivia (Plurinational State of)",Bolivio,Bolivia,Boliivia,Bolivia,Bolivia,Bolivie,Bolivija,Bolívia,Բոլիվիա,Bolivia,ボリビア多民族国,볼리비아,Bolivija,Bolivia,Bolivia,Boliwia,Bolívia,Bolivia,Боливия,Bolívia,Bolivija,Bolivija,Bolivia,โบลิเวีย,Болівія,玻利维亚,玻利維亞
70,ba,bih,"البوسنة والهرسك","Босна и Херцеговина","Bosna a Hercegovina",Bosnien-Hercegovina,"Bosnien und Herzegowina",Βοσνία-Ερζεγοβίνη,"Bosnia and Herzegovina","Bosnio kaj Hercegovino","Bosnia y Herzegovina","Bosnia ja Hertsegoviina",Bosnia-Herzegovina,"Bosnia ja Hertsegovina",Bosnie-Herzégovine,"Bosna i Hercegovina",Bosznia-Hercegovina,"Բոսնիա և Հերցեգովինա","Bosnia ed Erzegovina",ボスニア・ヘルツェゴビナ,"보스니아 헤르체고비나","Bosnija ir Hercegovina","Bosnië en Herzegovina",Bosnia-Hercegovina,"Bośnia i Hercegowina","Bósnia e Herzegovina","Bosnia și Herțegovina","Босния и Герцеговина","Bosna a Hercegovina","Bosna in Hercegovina","Bosna i Hercegovina","Bosnien och Hercegovina",บอสเนียและเฮอร์เซโกวีนา,"Боснія і Герцеговина",波黑,波士尼亞與赫塞哥維納
72,bw,bwa,بوتسوانا,Ботсвана,Botswana,Botswana,Botswana,Μποτσουάνα,Botswana,Bocvano,Botsuana,Botswana,Botswana,Botswana,Botswana,Bocvana,Botswana,Բոտսվանա,Botswana,ボツワナ,보츠와나,Botsvana,Botswana,Botswana,Botswana,Botsuana,Botswana,Ботсвана,Botswana,Bocvana,Bocvana,Botswana,บอตสวานา,Ботсвана,博茨瓦纳,波札那
76,br,bra,البرازيل,Бразилия,Brazílie,Brasilien,Brasilien,Βραζιλία,Brazil,Brazilo,Brasil,Brasiilia,Brasil,Brasilia,Brésil,Brazil,Brazília,Բրազիլիա,Brasile,ブラジル,브라질,Brazilija,Brazilië,Brasil,Brazylia,Brasil,Brazilia,Бразилия,Brazília,Brazilija,Brazil,Brasilien,บราซิล,Бразилія,巴西,巴西
96,bn,brn,بروناي,Бруней,Brunej,Brunei,Brunei,Μπρουνέι,"Brunei Darussalam",Brunejo,Brunéi,Brunei,Brunei,Brunei,Brunei,Brunej,Brunei,Բրունեյ,Brunei,ブルネイ・ダルサラーム,브루나이,Brunėjus,Brunei,Brunei,Brunei,Brunei,Brunei,Бруней,Brunej,Brunej,Brunej,Brunei,บรูไน,Бруней,文莱,汶萊
100,bg,bgr,بلغاريا,България,Bulharsko,Bulgarien,Bulgarien,Βουλγαρία,Bulgaria,Bulgario,Bulgaria,Bulgaaria,Bulgaria,Bulgaria,Bulgarie,Bugarska,Bulgária,Բուլղարիա,Bulgaria,ブルガリア,불가리아,Bulgarija,Bulgarije,Bulgaria,Bułgaria,Bulgária,Bulgaria,Болгария,Bulharsko,Bolgarija,Bugarska,Bulgarien,บัลแกเรีย,Болгарія,保加利亚,保加利亞
854,bf,bfa,"بوركينا فاسو","Буркина Фасо","Burkina Faso","Burkina Faso","Burkina Faso","Μπουρκίνα Φάσο","Burkina Faso",Burkino,"Burkina Faso","Burkina Faso","Burkina Faso","Burkina Faso","Burkina Faso","Burkina Faso","Burkina Faso","Բուրկինա Ֆասո","Burkina Faso",ブルキナファソ,부르키나파소,"Burkina Faso","Burkina Faso","Burkina Faso","Burkina Faso","Burquina Fasso","Burkina Faso",Буркина-Фасо,Burkina,"Burkina Faso","Burkina Faso","Burkina Faso",บูร์กินาฟาโซ,Буркіна-Фасо,布基纳法索,布吉納法索
108,bi,bdi,بوروندي,Бурунди,Burundi,Burundi,Burundi,Μπουρούντι,Burundi,Burundo,Burundi,Burundi,Burundi,Burundi,Burundi,Burundi,Burundi,Բուրունդի,Burundi,ブルンジ,부룬디,Burundis,Burundi,Burundi,Burundi,Burundi,Burundi,Бурунди,Burundi,Burundi,Burundi,Burundi,บุรุนดี,Бурунді,布隆迪,蒲隆地
116,kh,khm,كمبوديا,Камбоджа,Kambodža,Cambodja,Kambodscha,Καμπότζη,Cambodia,Kamboĝo,Camboya,Kambodža,Kanbodia,Kambodža,Cambodge,Kambodža,Kambodzsa,Կամբոջա,Cambogia,カンボジア,캄보디아,Kambodža,Cambodja,Kambodsja,Kambodża,Camboja,Cambodgia,Камбоджа,Kambodža,Kambodža,Kambodža,Kambodja,กัมพูชา,Камбоджа,柬埔寨,柬埔寨
120,cm,cmr,الكاميرون,Камерун,Kamerun,Cameroun,Kamerun,Καμερούν,Cameroon,Kameruno,Camerún,Kamerun,Kamerun,Kamerun,Cameroun,Kamerun,Kamerun,Կամերուն,Camerun,カメルーン,카메룬,Kamerūnas,Kameroen,Kamerun,Kamerun,Camarões,Camerun,Камерун,Kamerun,Kamerun,Kamerun,Kamerun,แคเมอรูน,Камерун,喀麦隆,喀麥隆
124,ca,can,كندا,Канада,Kanada,Canada,Kanada,Καναδάς,Canada,Kanado,Canadá,Kanada,Kanada,Kanada,Canada,Kanada,Kanada,Կանադա,Canada,カナダ,캐나다,Kanada,Canada,Canada,Kanada,Canadá,Canada,Канада,Kanada,Kanada,Kanada,Kanada,แคนาดา,Канада,加拿大,加拿大
132,cv,cpv,"الرأس الأخضر","Кабо Верде",Kapverdy,"Kap Verde","Kap Verde","Πράσινο Ακρωτήρι","Cabo Verde",Kaboverdo,"Cabo Verde",Roheneemesaared,"Cabo Verde","Kap Verde",Cap-Vert,"Zelenortski otoci","Zöld-foki Köztársaság","Կաբո Վերդե","Capo Verde",カーボベルデ,카보베르데,"Žaliasis Kyšulys",Kaapverdië,"Kapp Verde","Republika Zielonego Przylądka","Cabo Verde","Republica Capului Verde",Кабо-Верде,Kapverdy,"Zelenortski otoki","Zelenortska Ostrva","Kap Verde",กาบูเวร์ดี,Кабо-Верде,佛得角,維德角
140,cf,caf,"جمهورية إفريقيا الوسطى","Централноафриканска република","Středoafrická republika","Centralafrikanske Republik","Zentralafrikanische Republik","Κεντροαφρικανική Δημοκρατία","Central African Republic","Centr-Afrika Respubliko","República Centroafricana","Kesk-Aafrika Vabariik","Afrika Erdiko Errepublika","Keski-Afrikan tasavalta","République centrafricaine","Srednjoafrička Republika",Közép-Afrika,"Կենտրոնաաֆրիկյան Հանրապետություն","Rep. Centrafricana",中央アフリカ共和国,"중앙아프리카 공화국","Centrinės Afrikos Respublika","Centraal-Afrikaanse Republiek","Den sentralafrikanske republikk","Republika Środkowoafrykańska","República Centro-Africana","Republica Centrafricană",ЦАР,"Stredoafrická republika","Srednjeafriška republika","Centralnoafrička Republika","Centralafrikanska republiken",สาธารณรัฐแอฟริกากลาง,"Центральноафриканська Республіка",中非,中非
148,td,tcd,تشاد,Чад,Čad,Tchad,Tschad,Τσαντ,Chad,Ĉado,Chad,Tšaad,Txad,Tšad,Tchad,Čad,Csád,Չադ,Ciad,チャド,차드,Čadas,Tsjaad,Tsjad,Czad,Chade,Ciad,Чад,Čad,Čad,Čad,Tchad,ชาด,Чад,乍得,查德
152,cl,chl,تشيلي,Чили,Chile,Chile,Chile,Χιλή,Chile,Ĉilio,Chile,Tšiili,Txile,Chile,Chili,Čile,Chile,Չիլի,Cile,チリ,칠레,Čilė,Chili,Chile,Chile,Chile,Chile,Чили,Čile,Čile,Čile,Chile,ชิลี,Чилі,智利,智利
156,cn,chn,الصين,Китай,Čína,Kina,"China, Volksrepublik",Κίνα,China,Ĉinio,China,Hiina,Txina,Kiina,Chine,Kina,Kína,Չինաստան,Cina,中華人民共和国,중국,Kinija,China,Kina,Chiny,China,"Republica Populară Chineză","Китай (Китайская Народная Республика)",Čína,"Ljudska republika Kitajska",Kina,Kina,จีน,"Китайська Народна Республіка",中国,中國
170,co,col,كولومبيا,Колумбия,Kolumbie,Colombia,Kolumbien,Κολομβία,Colombia,Kolombio,Colombia,Colombia,Kolonbia,Kolumbia,Colombie,Kolumbija,Kolumbia,Կոլումբիա,Colombia,コロンビア,콜롬비아,Kolumbija,Colombia,Colombia,Kolumbia,Colômbia,Columbia,Колумбия,Kolumbia,Kolumbija,Kolumbija,Colombia,โคลอมเบีย,Колумбія,哥伦比亚,哥倫比亞
174,km,com,"جزر القمر","Коморски острови",Komory,Comorerne,Komoren,Κομόρες,Comoros,Komoroj,Comoras,Komoorid,Komoreak,Komorit,Comores,Komori,Comore-szigetek,Կոմորներ,Comore,コモロ,코모로,Komorai,Comoren,Komorene,Komory,Comores,Comore,Коморы,Komory,Komori,Komori,Komorerna,คอโมโรส,"Коморські Острови",科摩罗,葛摩
178,cg,cog,"جمهورية الكونغو","Република Конго",Kongo,Congo,"Kongo, Republik",Κογκό,Congo,"Respubliko Kongo","República del Congo","Kongo Vabariik","Kongoko Errepublika","Kongon tasavalta","République du Congo",Kongo,"Kongói Köztársaság (Kongó)","Կոնգոյի Հանրապետություն","Rep. del Congo",コンゴ共和国,"콩고 공화국","Kongo Respublika",Congo-Brazzaville,"Kongo, Republikken",Kongo,"República do Congo",Congo,"Республика Конго",Kongo,Kongo,Kongo,Kongo-Brazzaville,สาธารณรัฐคองโก,"Республіка Конго",刚果共和国,剛果共和國
180,cd,cod,"جمهورية الكونغو الديمقراطية","Демократична република Конго","Konžská demokratická republika","Demokratiske Republik Congo","Kongo, Demokratische Republik","Λαϊκή Δημοκρατία του Κογκό","Congo, Democratic Republic of the","Demokratia Respubliko Kongo","República Democrática del Congo","Kongo Demokraatlik Vabariik","Kongoko Errepublika Demokratikoa","Kongon demokraattinen tasavalta","République démocratique du Congo","Demokratska Republika Kongo","Kongói Demokratikus Köztársaság (Zaire)","Կոնգոյի Դեմոկրատական Հանրապետություն","RD del Congo",コンゴ民主共和国,"콩고 민주 공화국","Kongo Demokratinė Respublika",Congo-Kinshasa,"Kongo, Den demokratiske republikken","Demokratyczna Republika Konga","República Democrática do Congo","Republica Democrată Congo","ДР Конго","Konžská demokratická republika","Demokratična republika Kongo","Demokratska Republika Kongo",Kongo-Kinshasa,สาธารณรัฐประชาธิปไตยคองโก,"ДР Конго",刚果民主共和国,剛果民主共和國
188,cr,cri,كوستاريكا,"Коста Рика",Kostarika,"Costa Rica","Costa Rica","Κόστα Ρίκα","Costa Rica",Kostariko,"Costa Rica","Costa Rica","Costa Rica","Costa Rica","Costa Rica",Kostarika,"Costa Rica","Կոստա Ռիկա","Costa Rica",コスタリカ,코스타리카,"Kosta Rika","Costa Rica","Costa Rica",Kostaryka,"Costa Rica","Costa Rica",Коста-Рика,Kostarika,Kostarika,Kostarika,"Costa Rica",คอสตาริกา,Коста-Рика,哥斯达黎加,哥斯大黎加
384,ci,civ,"ساحل العاج","Кот д'Ивоар","Pobřeží slonoviny",Elfenbenskysten,Elfenbeinküste,"Ακτή Ελεφαντοστού","Côte d'Ivoire","Ebura Bordo","Costa de Marfil",Elevandiluurannik,"Boli Kosta",Norsunluurannikko,"Côte d'Ivoire","Obala Bjelokosti",Elefántcsontpart,"Կոտ դ'Իվուար","Costa d'Avorio",コートジボワール,코트디부아르,"Dramblio Kaulo Krantas",Ivoorkust,Elfenbenskysten,"Wybrzeże Kości Słoniowej","Costa do Marfim","Coasta de Fildeș",Кот-д’Ивуар,"Pobrežie Slonoviny","Slonokoščena obala","Obala slonovače",Elfenbenskusten,โกตดิวัวร์,Кот-д'Івуар,科特迪瓦,象牙海岸
191,hr,hrv,كرواتيا,Хърватия,Chorvatsko,Kroatien,Kroatien,Κροατία,Croatia,Kroatio,Croacia,Horvaatia,Kroazia,Kroatia,Croatie,Hrvatska,Horvátország,Խորվաթիա,Croazia,クロアチア,크로아티아,Kroatija,Kroatië,Kroatia,Chorwacja,Croácia,Croația,Хорватия,Chorvátsko,Hrvaška,Hrvatska,Kroatien,โครเอเชีย,Хорватія,克罗地亚,克羅埃西亞
192,cu,cub,كوبا,Куба,Kuba,Cuba,Kuba,Κούβα,Cuba,Kubo,Cuba,Kuuba,Kuba,Kuuba,Cuba,Kuba,Kuba,Կուբա,Cuba,キューバ,쿠바,Kuba,Cuba,Cuba,Kuba,Cuba,Cuba,Куба,Kuba,Kuba,Kuba,Kuba,คิวบา,Куба,古巴,古巴
196,cy,cyp,قبرص,Кипър,Kypr,Cypern,Zypern,Κύπρος,Cyprus,Kipro,Chipre,Küpros,Zipre,Kypros,Chypre,Cipar,Ciprus,Կիպրոս,Cipro,キプロス,키프로스,Kipras,Cyprus,Kypros,Cypr,Chipre,Cipru,Кипр,Cyprus,Ciper,Kipar,Cypern,ไซปรัส,Кіпр,塞浦路斯,賽普勒斯
203,cz,cze,"جمهورية التشيك",Чехия,Česko,Tjekkiet,Tschechien,Τσεχία,Czechia,Ĉeĥio,"República Checa",Tšehhi,Txekia,Tšekki,Tchéquie,Češka,Csehország,Չեխիա,"Rep. Ceca",チェコ,체코,Čekija,Tsjechië,Tsjekkia,Czechy,Chéquia,Cehia,Чехия,Česko,Češka,Češka,Tjeckien,เช็กเกีย,Чехія,捷克,捷克
208,dk,dnk,الدنمارك,Дания,Dánsko,Danmark,Dänemark,Δανία,Denmark,Danio,Dinamarca,Taani,Danimarka,Tanska,Danemark,Danska,Dánia,Դանիա,Danimarca,デンマーク,덴마크,Danija,Denemarken,Danmark,Dania,Dinamarca,Danemarca,Дания,Dánsko,Danska,Danska,Danmark,เดนมาร์ก,Данія,丹麦,丹麥
262,dj,dji,جيبوتي,Джибути,Džibutsko,Djibouti,Dschibuti,Τζιμπουτί,Djibouti,Ĝibutio,Yibuti,Djibouti,Djibuti,Djibouti,Djibouti,Džibuti,Dzsibuti,Ջիբութի,Gibuti,ジブチ,지부티,Džibutis,Djibouti,Djibouti,Dżibuti,Djibuti,Djibouti,Джибути,Džibutsko,Džibuti,Džibuti,Djibouti,จิบูตี,Джибуті,吉布提,吉布地
212,dm,dma,دومينيكا,Доминика,Dominika,Dominica,Dominica,Δομινίκα,Dominica,Dominiko,Dominica,Dominica,Dominika,Dominica,Dominique,Dominika,"Dominikai Közösség",Դոմինիկա,Dominica,ドミニカ国,"도미니카 연방",Dominika,Dominica,Dominica,Dominika,Dominica,Dominica,Доминика,Dominika,Dominika,Dominika,Dominica,ดอมินีกา,Домініка,多米尼克,多米尼克
214,do,dom,"جمهورية الدومينيكان","Доминиканска република","Dominikánská republika","Dominikanske Republik","Dominikanische Republik","Δομινικανή Δημοκρατία","Dominican Republic","Dominika Respubliko","República Dominicana","Dominikaani Vabariik","Dominikar Errepublika","Dominikaaninen tasavalta","République dominicaine","Dominikanska republika","Dominikai Köztársaság","Դոմինիկյան Հանրապետություն","Rep. Dominicana",ドミニカ共和国,"도미니카 공화국","Dominikos Respublika","Dominicaanse Republiek","Den dominikanske republikk",Dominikana,"República Dominicana","Republica Dominicană","Доминиканская Республика","Dominikánska republika","Dominikanska republika","Dominikanska Republika","Dominikanska republiken",สาธารณรัฐโดมินิกัน,"Домініканська Республіка",多米尼加,多明尼加
218,ec,ecu,الإكوادور,Еквадор,Ekvádor,Ecuador,Ecuador,Ισημερινός,Ecuador,Ekvadoro,Ecuador,Ecuador,Ekuador,Ecuador,Équateur,Ekvador,Ecuador,Էկվադոր,Ecuador,エクアドル,에콰도르,Ekvadoras,Ecuador,Ecuador,Ekwador,Equador,Ecuador,Эквадор,Ekvádor,Ekvador,Ekvador,Ecuador,เอกวาดอร์,Еквадор,厄瓜多尔,厄瓜多
818,eg,egy,مصر,Египет,Egypt,Egypten,Ägypten,Αίγυπτος,Egypt,Egiptio,Egipto,Egiptus,Egipto,Egypti,Égypte,Egipat,Egyiptom,Եգիպտոս,Egitto,エジプト,이집트,Egiptas,Egypte,Egypt,Egipt,Egito,Egipt,Египет,Egypt,Egipt,Egipat,Egypten,อียิปต์,Єгипет,埃及,埃及
222,sv,slv,السلفادور,Салвадор,Salvador,"El Salvador","El Salvador","Ελ Σαλβαδόρ","El Salvador",Salvadoro,"El Salvador","El Salvador","El Salvador","El Salvador",Salvador,Salvador,Salvador,Սալվադոր,"El Salvador",エルサルバドル,엘살바도르,Salvadoras,"El Salvador","El Salvador",Salwador,"El Salvador","El Salvador",Сальвадор,Salvádor,Salvador,Salvador,"El Salvador",เอลซัลวาดอร์,Сальвадор,萨尔瓦多,薩爾瓦多
226,gq,gnq,"غينيا الاستوائية","Екваториална Гвинея","Rovníková Guinea",Ækvatorialguinea,Äquatorialguinea,"Ισημερινή Γουινέα","Equatorial Guinea","Ekvatora Gvineo","Guinea Ecuatorial",Ekvatoriaal-Guinea,"Ekuatore Ginea","Päiväntasaajan Guinea","Guinée équatoriale","Ekvatorska Gvineja",Egyenlítői-Guinea,"Հասարակածային Գվինեա","Guinea Equatoriale",赤道ギニア,"적도 기니","Pusiaujo Gvinėja",Equatoriaal-Guinea,Ekvatorial-Guinea,"Gwinea Równikowa","Guiné Equatorial","Guineea Ecuatorială","Экваториальная Гвинея","Rovníková Guinea","Ekvatorialna Gvineja","Ekvatorijalna Gvineja",Ekvatorialguinea,อิเควทอเรียลกินี,"Екваторіальна Гвінея",赤道几内亚,赤道幾內亞
232,er,eri,إريتريا,Еритрея,Eritrea,Eritrea,Eritrea,Ερυθραία,Eritrea,Eritreo,Eritrea,Eritrea,Eritrea,Eritrea,Érythrée,Eritreja,Eritrea,Էրիտրեա,Eritrea,エリトリア,에리트레아,Eritrėja,Eritrea,Eritrea,Erytrea,Eritreia,Eritreea,Эритрея,Eritrea,Eritreja,Eritreja,Eritrea,เอริเทรีย,Еритрея,厄立特里亚,厄利垂亞
233,ee,est,إستونيا,Естония,Estonsko,Estland,Estland,Εσθονία,Estonia,Estonio,Estonia,Eesti,Estonia,Viro,Estonie,Estonija,Észtország,Էստոնիա,Estonia,エストニア,에스토니아,Estija,Estland,Estland,Estonia,Estónia,Estonia,Эстония,Estónsko,Estonija,Estonija,Estland,เอสโตเนีย,Естонія,爱沙尼亚,愛沙尼亞
231,et,eth,إثيوبيا,Етиопия,Etiopie,Etiopien,Äthiopien,Αιθιοπία,Ethiopia,Etiopio,Etiopía,Etioopia,Etiopia,Etiopia,Éthiopie,Etiopija,Etiópia,Եթովպիա,Etiopia,エチオピア,에티오피아,Etiopija,Ethiopië,Etiopia,Etiopia,Etiópia,Etiopia,Эфиопия,Etiópia,Etiopija,Etiopija,Etiopien,เอธิโอเปีย,Ефіопія,埃塞俄比亚,衣索比亞
242,fj,fji,فيجي,Фиджи,Fidži,Fiji,Fidschi,Φίτζι,Fiji,Fiĝio,Fiyi,Fidži,Fiji,Fidži,Fidji,Fidži,Fidzsi,Ֆիջի,Figi,フィジー,피지,Fidžis,Fiji,Fiji,Fidżi,Fiji,Fiji,Фиджи,Fidži,Fidži,Fidži,Fiji,ฟีจี,Фіджі,斐济,斐濟
246,fi,fin,فنلندا,Финландия,Finsko,Finland,Finnland,Φινλανδία,Finland,Finnlando,Finlandia,Soome,Finlandia,Suomi,Finlande,Finska,Finnország,Ֆինլանդիա,Finlandia,フィンランド,핀란드,Suomija,Finland,Finland,Finlandia,Finlândia,Finlanda,Финляндия,Fínsko,Finska,Finska,Finland,ฟินแลนด์,Фінляндія,芬兰,芬蘭
250,fr,fra,فرنسا,Франция,Francie,Frankrig,Frankreich,Γαλλία,France,Francio,Francia,Prantsusmaa,Frantzia,Ranska,France,Francuska,Franciaország,Ֆրանսիա,Francia,フランス,프랑스,Prancūzija,Frankrijk,Frankrike,Francja,França,Franța,Франция,Francúzsko,Francija,Francuska,Frankrike,ฝรั่งเศส,Франція,法国,法國
266,ga,gab,الغابون,Габон,Gabon,Gabon,Gabun,Γκαμπόν,Gabon,Gabono,Gabón,Gabon,Gabon,Gabon,Gabon,Gabon,Gabon,Գաբոն,Gabon,ガボン,가봉,Gabonas,Gabon,Gabon,Gabon,Gabão,Gabon,Габон,Gabon,Gabon,Gabon,Gabon,กาบอง,Габон,加蓬,加彭
270,gm,gmb,غامبيا,Гамбия,Gambie,Gambia,Gambia,Γκάμπια,Gambia,Gambio,Gambia,Gambia,Gambia,Gambia,Gambie,Gambija,Gambia,Գամբիա,Gambia,ガンビア,감비아,Gambija,Gambia,Gambia,Gambia,Gâmbia,Gambia,Гамбия,Gambia,Gambija,Gambija,Gambia,แกมเบีย,Гамбія,冈比亚,甘比亞
268,ge,geo,جورجيا,Грузия,Gruzie,Georgien,Georgien,Γεωργία,Georgia,Kartvelio,Georgia,Gruusia,Georgia,Georgia,Géorgie,Gruzija,Grúzia,Վրաստան,Georgia,ジョージア,조지아,Gruzija,Georgië,Georgia,Gruzja,Geórgia,Georgia,Грузия,Gruzínsko,Gruzija,Gruzija,Georgien,จอร์เจีย,Грузія,格鲁吉亚,喬治亞
276,de,deu,ألمانيا,Германия,Německo,Tyskland,Deutschland,Γερμανία,Germany,Germanio,Alemania,Saksamaa,Alemania,Saksa,Allemagne,Njemačka,Németország,Գերմանիա,Germania,ドイツ,독일,Vokietija,Duitsland,Tyskland,Niemcy,Alemanha,Germania,Германия,Nemecko,Nemčija,Nemačka,Tyskland,เยอรมนี,Німеччина,德国,德國
288,gh,gha,غانا,Гана,Ghana,Ghana,Ghana,Γκάνα,Ghana,Ganao,Ghana,Ghana,Ghana,Ghana,Ghana,Gana,Ghána,Գանա,Ghana,ガーナ,가나,Gana,Ghana,Ghana,Ghana,Gana,Ghana,Гана,Ghana,Gana,Gana,Ghana,กานา,Гана,加纳,迦納
300,gr,grc,اليونان,Гърция,Řecko,Grækenland,Griechenland,Ελλάδα,Greece,Grekio,Grecia,Kreeka,Grezia,Kreikka,Grèce,Grčka,Görögország,Հունաստան,Grecia,ギリシャ,그리스,Graikija,Griekenland,Hellas,Grecja,Grécia,Grecia,Греция,Grécko,Grčija,Grčka,Grekland,กรีซ,Греція,希腊,希臘
308,gd,grd,غرينادا,Гренада,Grenada,Grenada,Grenada,Γρενάδα,Grenada,Grenado,Granada,Grenada,Grenada,Grenada,Grenade,Grenada,Grenada,Գրենադա,Grenada,グレナダ,그레나다,Grenada,Grenada,Grenada,Grenada,Granada,Grenada,Гренада,Grenada,Grenada,Grenada,Grenada,กรีเนดา,Гренада,格林纳达,格瑞那達
320,gt,gtm,غواتيمالا,Гватемала,Guatemala,Guatemala,Guatemala,Γουατεμάλα,Guatemala,Gvatemalo,Guatemala,Guatemala,Guatemala,Guatemala,Guatemala,Gvatemala,Guatemala,Գվատեմալա,Guatemala,グアテマラ,과테말라,Gvatemala,Guatemala,Guatemala,Gwatemala,Guatemala,Guatemala,Гватемала,Guatemala,Gvatemala,Gvatemala,Guatemala,กัวเตมาลา,Гватемала,危地马拉,瓜地馬拉
324,gn,gin,غينيا,Гвинея,Guinea,Guinea,Guinea,Γουινέα,Guinea,Gvineo,Guinea,Guinea,Ginea,Guinea,Guinée,Gvineja,Guinea,Գվինեա,Guinea,ギニア,기니,Gvinėja,Guinee,Guinea,Gwinea,Guiné,Guineea,Гвинея,Guinea,Gvineja,Gvineja,Guinea,กินี,Гвінея,几内亚,幾內亞
624,gw,gnb,"غينيا بيساو",Гвинея-Бисау,Guinea-Bissau,Guinea-Bissau,Guinea-Bissau,Γουινέα-Μπισσάου,Guinea-Bissau,"Gvineo Bisaŭa",Guinea-Bisáu,Guinea-Bissau,Ginea-Bissau,Guinea-Bissau,Guinée-Bissau,"Gvineja Bisau",Bissau-Guinea,Գվինեա-Բիսաու,Guinea-Bissau,ギニアビサウ,기니비사우,"Bisau Gvinėja",Guinee-Bissau,Guinea-Bissau,"Gwinea Bissau",Guiné-Bissau,Guineea-Bissau,Гвинея-Бисау,Guinea-Bissau,"Gvineja Bissau","Gvineja Bisao",Guinea-Bissau,กินี-บิสเซา,Гвінея-Бісау,几内亚比绍,幾內亞比索
328,gy,guy,غيانا,Гвиана,Guyana,Guyana,Guyana,Γουιάνα,Guyana,Gujano,Guyana,Guyana,Guyana,Guyana,Guyana,Gvajana,Guyana,Գայանա,Guyana,ガイアナ,가이아나,Gajana,Guyana,Guyana,Gujana,Guiana,Guyana,Гайана,Guyana,Gvajana,Gijana,Guyana,กายอานา,Гаяна,圭亚那,蓋亞那
332,ht,hti,هايتي,Хаити,Haiti,Haiti,Haiti,Αϊτή,Haiti,Haitio,Haití,Haiti,Haiti,Haiti,Haïti,Haiti,Haiti,Հայիթի,Haiti,ハイチ,아이티,Haitis,Haïti,Haiti,Haiti,Haiti,Haiti,Гаити,Haiti,Haiti,Haiti,Haiti,เฮติ,Гаїті,海地,海地
340,hn,hnd,هندوراس,Хондурас,Honduras,Honduras,Honduras,Ονδούρα,Honduras,Honduro,Honduras,Honduras,Honduras,Honduras,Honduras,Honduras,Honduras,Հոնդուրաս,Honduras,ホンジュラス,온두라스,Hondūras,Honduras,Honduras,Honduras,Honduras,Honduras,Гондурас,Honduras,Honduras,Honduras,Honduras,ฮอนดูรัส,Гондурас,洪都拉斯,宏都拉斯
348,hu,hun,المجر,Унгария,Maďarsko,Ungarn,Ungarn,Ουγγαρία,Hungary,Hungario,Hungría,Ungari,Hungaria,Unkari,Hongrie,Mađarska,Magyarország,Հունգարիա,Ungheria,ハンガリー,헝가리,Vengrija,Hongarije,Ungarn,Węgry,Hungria,Ungaria,Венгрия,Maďarsko,Madžarska,Mađarska,Ungern,ฮังการี,Угорщина,匈牙利,匈牙利
352,is,isl,آيسلندا,Исландия,Island,Island,Island,Ισλανδία,Iceland,Islando,Islandia,Island,Islandia,Islanti,Islande,Island,Izland,Իսլանդիա,Islanda,アイスランド,아이슬란드,Islandija,IJsland,Island,Islandia,Islândia,Islanda,Исландия,Island,Islandija,Island,Island,ไอซ์แลนด์,Ісландія,冰岛,冰島
356,in,ind,الهند,Индия,Indie,Indien,Indien,Ινδία,India,Barato,India,India,India,Intia,Inde,Indija,India,Հնդկաստան,India,インド,인도,Indija,India,India,Indie,Índia,India,Индия,India,Indija,Indija,Indien,อินเดีย,Індія,印度,印度
360,id,idn,إندونيسيا,Индонезия,Indonésie,Indonesien,Indonesien,Ινδονησία,Indonesia,Indonezio,Indonesia,Indoneesia,Indonesia,Indonesia,Indonésie,Indonezija,Indonézia,Ինդոնեզիա,Indonesia,インドネシア,인도네시아,Indonezija,Indonesië,Indonesia,Indonezja,Indonésia,Indonezia,Индонезия,Indonézia,Indonezija,Indonezija,Indonesien,อินโดนีเซีย,Індонезія,印度尼西亚,印度尼西亞
364,ir,irn,إيران,Иран,Írán,Iran,Iran,Ιράν,"Iran (Islamic Republic of)",Irano,Irán,Iraan,Iran,Iran,Iran,Iran,Irán,Իրան,Iran,イラン・イスラム共和国,이란,Iranas,Iran,Iran,Iran,Irã,Iran,Иран,Irán,Iran,Iran,Iran,อิหร่าน,Іран,伊朗,伊朗
368,iq,irq,العراق,Ирак,Irák,Irak,Irak,Ιράκ,Iraq,Irako,Irak,Iraak,Irak,Irak,Irak,Irak,Irak,Իրաք,Iraq,イラク,이라크,Irakas,Irak,Irak,Irak,Iraque,Irak,Ирак,Irak,Irak,Irak,Irak,อิรัก,Ірак,伊拉克,伊拉克
372,ie,irl,أيرلندا,Ирландия,Irsko,Irland,Irland,Ιρλανδία,Ireland,Irlando,Irlanda,Iirimaa,"Irlandako Errepublika",Irlanti,Irlande,Irska,Írország,Իռլանդիա,Irlanda,アイルランド,아일랜드,Airija,Ierland,Irland,Irlandia,Irlanda,"Republica Irlanda",Ирландия,Írsko,Irska,Irska,Irland,ไอร์แลนด์,Ірландія,爱尔兰,愛爾蘭
376,il,isr,إسرائيل,Израел,Izrael,Israel,Israel,Ισραήλ,Israel,Israelo,Israel,Iisrael,Israel,Israel,Israël,Izrael,Izrael,Իսրայել,Israele,イスラエル,이스라엘,Izraelis,Israël,Israel,Izrael,Israel,Israel,Израиль,Izrael,Izrael,Izrael,Israel,อิสราเอล,Ізраїль,以色列,以色列
380,it,ita,إيطاليا,Италия,Itálie,Italien,Italien,Ιταλία,Italy,Italio,Italia,Itaalia,Italia,Italia,Italie,Italija,Olaszország,Իտալիա,Italia,イタリア,이탈리아,Italija,Italië,Italia,Włochy,Itália,Italia,Италия,Taliansko,Italija,Italija,Italien,อิตาลี,Італія,意大利,義大利
388,jm,jam,جامايكا,Ямайка,Jamajka,Jamaica,Jamaika,Τζαμάικα,Jamaica,Jamajko,Jamaica,Jamaica,Jamaika,Jamaika,Jamaïque,Jamajka,Jamaica,Ճամայկա,Giamaica,ジャマイカ,자메이카,Jamaika,Jamaica,Jamaica,Jamajka,Jamaica,Jamaica,Ямайка,Jamajka,Jamajka,Jamajka,Jamaica,จาเมกา,Ямайка,牙买加,牙買加
392,jp,jpn,اليابان,Япония,Japonsko,Japan,Japan,Ιαπωνία,Japan,Japanio,Japón,Jaapan,Japonia,Japani,Japon,Japan,Japán,Ճապոնիա,Giappone,日本,일본,Japonija,Japan,Japan,Japonia,Japão,Japonia,Япония,Japonsko,Japonska,Japan,Japan,ญี่ปุ่น,Японія,日本,日本
400,jo,jor,الأردن,Йордания,Jordánsko,Jordan,Jordanien,Ιορδανία,Jordan,Jordanio,Jordania,Jordaania,Jordania,Jordania,Jordanie,Jordan,Jordánia,Հորդանան,Giordania,ヨルダン,요르단,Jordanija,Jordanië,Jordan,Jordania,Jordânia,Iordania,Иордания,Jordánsko,Jordanija,Jordan,Jordanien,จอร์แดน,Йорданія,约旦,約旦
398,kz,kaz,كازاخستان,Казахстан,Kazachstán,Kasakhstan,Kasachstan,Καζακστάν,Kazakhstan,Kazaĥio,Kazajistán,Kasahstan,Kazakhstan,Kazakstan,Kazakhstan,Kazahstan,Kazahsztán,Ղազախստան,Kazakistan,カザフスタン,카자흐스탄,Kazachstanas,Kazachstan,Kasakhstan,Kazachstan,Cazaquistão,Kazahstan,Казахстан,Kazachstan,Kazahstan,Kazahstan,Kazakstan,คาซัคสถาน,Казахстан,哈萨克斯坦,哈薩克
404,ke,ken,كينيا,Кения,Keňa,Kenya,Kenia,Κένυα,Kenya,Kenjo,Kenia,Keenia,Kenya,Kenia,Kenya,Kenija,Kenya,Քենիա,Kenya,ケニア,케냐,Kenija,Kenia,Kenya,Kenia,Quênia,Kenya,Кения,Keňa,Kenija,Kenija,Kenya,เคนยา,Кенія,肯尼亚,肯亞
296,ki,kir,كيريباتي,Кирибати,Kiribati,Kiribati,Kiribati,Κιριμπάτι,Kiribati,Kiribato,Kiribati,Kiribati,Kiribati,Kiribati,Kiribati,Kiribati,Kiribati,Կիրիբատի,Kiribati,キリバス,키리바시,Kiribatis,Kiribati,Kiribati,Kiribati,Quiribáti,Kiribati,Кирибати,Kiribati,Kiribati,Kiribati,Kiribati,คิริบาส,Кірибаті,基里巴斯,吉里巴斯
408,kp,prk,"كوريا الشمالية","Северна Корея","Severní Korea",Nordkorea,"Korea, Nord (Nordkorea)","Βόρεια Κορέα","Korea (Democratic People's Republic of)",Nord-Koreio,"Corea del Norte",Põhja-Korea,"Ipar Korea","Korean demokraattinen kansantasavalta","Corée du Nord","Sjeverna Korea","Észak-Korea (Koreai NDK)","Հյուսիսային Կորեա","Corea del Nord",朝鮮民主主義人民共和国,조선민주주의인민공화국,"Šiaurės Korėja",Noord-Korea,Nord-Korea,"Korea Północna","Coreia do Norte","Coreea de Nord","КНДР (Корейская Народно-Демократическая Республика)","Kórejská ľudovodemokratická republika","Severna Koreja","Severna Koreja",Nordkorea,เกาหลีเหนือ,"Північна Корея",朝鲜,北韓
410,kr,kor,"كوريا الجنوبية","Южна Корея","Jižní Korea",Sydkorea,"Korea, Süd (Südkorea)","Νότια Κορέα","Korea, Republic of",Sud-Koreio,"Corea del Sur",Lõuna-Korea,"Hego Korea","Korean tasavalta","Corée du Sud","Južna Koreja","Dél-Korea (Koreai Köztársaság)","Հարավային Կորեա","Corea del Sud",大韓民国,대한민국,"Pietų Korėja",Zuid-Korea,Sør-Korea,"Korea Południowa","Coreia do Sul","Coreea de Sud","Республика Корея","Kórejská republika","Južna Koreja","Južna Koreja",Sydkorea,เกาหลีใต้,"Південна Корея",韩国,南韓
414,kw,kwt,الكويت,Кувейт,Kuvajt,Kuwait,Kuwait,Κουβέιτ,Kuwait,Kuvajto,Kuwait,Kuveit,Kuwait,Kuwait,Koweït,Kuvajt,Kuvait,Քուվեյթ,Kuwait,クウェート,쿠웨이트,Kuveitas,Koeweit,Kuwait,Kuwejt,Kuwait,Kuweit,Кувейт,Kuvajt,Kuvajt,Kuvajt,Kuwait,คูเวต,Кувейт,科威特,科威特
417,kg,kgz,قيرغيزستان,Киргизстан,Kyrgyzstán,Kirgisistan,Kirgisistan,Κιργιζία,Kyrgyzstan,Kirgizio,Kirguistán,Kõrgõzstan,Kirgizistan,Kirgisia,Kirghizistan,Kirgistan,Kirgizisztán,Ղրղզստան,Kirghizistan,キルギス,키르기스스탄,Kirgizija,Kirgizië,Kirgisistan,Kirgistan,Quirguistão,Kârgâzstan,Киргизия,Kirgizsko,Kirgizistan,Kirgizija,Kirgizistan,คีร์กีซสถาน,Киргизстан,吉尔吉斯斯坦,吉爾吉斯
418,la,lao,لاوس,Лаос,Laos,Laos,Laos,Λάος,"Lao People's Democratic Republic",Laoso,Laos,Laos,Laos,Laos,Laos,Laos,Laosz,Լաոս,Laos,ラオス人民民主共和国,라오스,Laosas,Laos,Laos,Laos,Laos,Laos,Лаос,Laos,Laos,Laos,Laos,ลาว,Лаос,老挝,寮國
428,lv,lva,لاتفيا,Латвия,Lotyšsko,Letland,Lettland,Λεττονία,Latvia,Latvio,Letonia,Läti,Letonia,Latvia,Lettonie,Latvija,Lettország,Լատվիա,Lettonia,ラトビア,라트비아,Latvija,Letland,Latvia,Łotwa,Letônia,Letonia,Латвия,Lotyšsko,Latvija,Letonija,Lettland,ลัตเวีย,Латвія,拉脱维亚,拉脫維亞
422,lb,lbn,لبنان,Ливан,Libanon,Libanon,Libanon,Λίβανος,Lebanon,Libano,Líbano,Liibanon,Libano,Libanon,Liban,Libanon,Libanon,Լիբանան,Libano,レバノン,레바논,Libanas,Libanon,Libanon,Liban,Líbano,Liban,Ливан,Libanon,Libanon,Liban,Libanon,เลบานอน,Ліван,黎巴嫩,黎巴嫩
426,ls,lso,ليسوتو,Лесото,Lesotho,Lesotho,Lesotho,Λεσότο,Lesotho,Lesoto,Lesoto,Lesotho,Lesotho,Lesotho,Lesotho,Lesoto,Lesotho,Լեսոթո,Lesotho,レソト,레소토,Lesotas,Lesotho,Lesotho,Lesotho,Lesoto,Lesotho,Лесото,Lesotho,Lesoto,Lesoto,Lesotho,เลโซโท,Лесото,莱索托,賴索托
430,lr,lbr,ليبيريا,Либерия,Libérie,Liberia,Liberia,Λιβερία,Liberia,Liberio,Liberia,Libeeria,Liberia,Liberia,Liberia,Liberija,Libéria,Լիբերիա,Liberia,リベリア,라이베리아,Liberija,Liberia,Liberia,Liberia,Libéria,Liberia,Либерия,Libéria,Liberija,Liberija,Liberia,ไลบีเรีย,Ліберія,利比里亚,賴比瑞亞
434,ly,lby,ليبيا,Либия,Libye,Libyen,Libyen,Λιβύη,Libya,Libio,Libia,Liibüa,Libia,Libya,Libye,Libija,Líbia,Լիբիա,Libia,リビア,리비아,Libija,Libië,Libya,Libia,Líbia,Libia,Ливия,Líbya,Libija,Libija,Libyen,ลิเบีย,Лівія,利比亚,利比亞
438,li,lie,ليختنشتاين,Лихтенщайн,Lichtenštejnsko,Liechtenstein,Liechtenstein,Λίχτενσταϊν,Liechtenstein,Liĥtenŝtejno,Liechtenstein,Liechtenstein,Liechtenstein,Liechtenstein,Liechtenstein,Lihtenštajn,Liechtenstein,Լիխտենշտայն,Liechtenstein,リヒテンシュタイン,리히텐슈타인,Lichtenšteinas,Liechtenstein,Liechtenstein,Liechtenstein,Listenstaine,Liechtenstein,Лихтенштейн,Lichtenštajnsko,Lihtenštajn,Lihtenštajn,Liechtenstein,ลีชเทินชไตน์,Ліхтенштейн,列支敦士登,列支敦斯登
440,lt,ltu,ليتوانيا,Литва,Litva,Litauen,Litauen,Λιθουανία,Lithuania,Litovio,Lituania,Leedu,Lituania,Liettua,Lituanie,Litva,Litvánia,Լիտվա,Lituania,リトアニア,리투아니아,Lietuva,Litouwen,Litauen,Litwa,Lituânia,Lituania,Литва,Litva,Litva,Litvanija,Litauen,ลิทัวเนีย,Литва,立陶宛,立陶宛
442,lu,lux,لوكسمبورغ,Люксембург,Lucembursko,Luxembourg,Luxemburg,Λουξεμβούργο,Luxembourg,Luksemburgo,Luxemburgo,Luksemburg,Luxenburgo,Luxemburg,Luxembourg,Luksemburg,Luxemburg,Լյուքսեմբուրգ,Lussemburgo,ルクセンブルク,룩셈부르크,Liuksemburgas,Luxemburg,Luxembourg,Luksemburg,Luxemburgo,Luxemburg,Люксембург,Luxembursko,Luksemburg,Luksemburg,Luxemburg,ลักเซมเบิร์ก,Люксембург,卢森堡,盧森堡
807,mk,mkd,مقدونيا,"Северна Македония","Severní Makedonie",Nordmakedonien,Nordmazedonien,"Βόρεια Μακεδονία","North Macedonia",Nord-Makedonio,"Macedonia del Norte",Põhja-Makedoonia,"Ipar Mazedonia",Pohjois-Makedonia,"Macédoine du Nord",Makedonija,Észak-Macedónia,"Հյուսիսային Մակեդոնիա","Macedonia del Nord",北マケドニア,북마케도니아,Makedonija,Noord-Macedonië,"Nord-Makedonia, Republikken","Macedonia Północna","Macedônia do Norte","Republica Macedonia","Северная Македония","Severné Macedónsko","Severna Makedonija",Makedonija,Nordmakedonien,มาซิโดเนียเหนือ,"Північна Македонія",北马其顿,北馬其頓
450,mg,mdg,مدغشقر,Мадагаскар,Madagaskar,Madagaskar,Madagaskar,Μαδαγασκάρη,Madagascar,Madagaskaro,Madagascar,Madagaskar,Madagaskar,Madagaskar,Madagascar,Madagaskar,Madagaszkár,Մադագասկար,Madagascar,マダガスカル,마다가스카르,Madagaskaras,Madagaskar,Madagaskar,Madagaskar,Madagáscar,Madagascar,Мадагаскар,Madagaskar,Madagaskar,Madagaskar,Madagaskar,มาดากัสการ์,Мадагаскар,马达加斯加,馬達加斯加
454,mw,mwi,مالاوي,Малави,Malawi,Malawi,Malawi,Μαλάουι,Malawi,Malavio,Malaui,Malawi,Malawi,Malawi,Malawi,Malavi,Malawi,Մալավի,Malawi,マラウイ,말라위,Malavis,Malawi,Malawi,Malawi,Maláui,Malawi,Малави,Malawi,Malavi,Malavi,Malawi,มาลาวี,Малаві,马拉维,馬拉威
458,my,mys,ماليزيا,Малайзия,Malajsie,Malaysia,Malaysia,Μαλαισία,Malaysia,Malajzio,Malasia,Malaisia,Malaysia,Malesia,Malaisie,Malezija,Malajzia,Մալայզիա,Malaysia,マレーシア,말레이시아,Malaizija,Maleisië,Malaysia,Malezja,Malásia,Malaezia,Малайзия,Malajzia,Malezija,Malezija,Malaysia,มาเลเซีย,Малайзія,马来西亚,馬來西亞
462,mv,mdv,"جزر المالديف",Малдиви,Maledivy,Maldiverne,Malediven,Μαλδίβες,Maldives,Maldivoj,Maldivas,Maldiivid,Maldivak,Malediivit,Maldives,Maldivi,Maldív-szigetek,Մալդիվներ,Maldive,モルディブ,몰디브,Maldyvai,Malediven,Maldivene,Malediwy,Maldivas,Maldive,Мальдивы,Maldivy,Maldivi,Maldivi,Maldiverna,มัลดีฟส์,Мальдіви,马尔代夫,馬爾地夫
466,ml,mli,مالي,Мали,Mali,Mali,Mali,Μάλι,Mali,Malio,Malí,Mali,Mali,Mali,Mali,Mali,Mali,Մալի,Mali,マリ,말리,Malis,Mali,Mali,Mali,Mali,Mali,Мали,Mali,Mali,Mali,Mali,มาลี,Малі,马里,馬利
470,mt,mlt,مالطا,Малта,Malta,Malta,Malta,Μάλτα,Malta,Malto,Malta,Malta,Malta,Malta,Malte,Malta,Málta,Մալթա,Malta,マルタ,몰타,Malta,Malta,Malta,Malta,Malta,Malta,Мальта,Malta,Malta,Malta,Malta,มอลตา,Мальта,马耳他,馬爾他
584,mh,mhl,"جزر مارشال","Маршалови острови","Marshallovy ostrovy",Marshalløerne,Marshallinseln,"Νήσοι Μάρσαλ","Marshall Islands","Marŝala Insularo","Islas Marshall","Marshalli Saared","Marshall Uharteak",Marshallinsaaret,"Îles Marshall","Maršalovi otoci",Marshall-szigetek,"Մարշալյան կղզիներ","Isole Marshall",マーシャル諸島,"마셜 제도","Maršalo salos",Marshalleilanden,Marshalløyene,"Wyspy Marshalla","Ilhas Marshall","Insulele Marshall","Маршалловы Острова","Marshallove ostrovy","Marshallovi otoki","Maršalska Ostrva",Marshallöarna,หมู่เกาะมาร์แชลล์,"Маршаллові Острови",马绍尔群岛,馬紹爾群島
478,mr,mrt,موريتانيا,Мавритания,Mauritánie,Mauretanien,Mauretanien,Μαυριτανία,Mauritania,Maŭritanio,Mauritania,Mauritaania,Mauritania,Mauritania,Mauritanie,Mauritanija,Mauritánia,Մավրիտանիա,Mauritania,モーリタニア,모리타니,Mauritanija,Mauritanië,Mauritania,Mauretania,Mauritânia,Mauritania,Мавритания,Mauritánia,Mavretanija,Mauritanija,Mauretanien,มอริเตเนีย,Мавританія,毛里塔尼亚,茅利塔尼亞
480,mu,mus,موريشيوس,Мавриций,Mauricius,Mauritius,Mauritius,Μαυρίκιος,Mauritius,Maŭricio,Mauricio,Mauritius,Maurizio,Mauritius,Maurice,Mauricijus,Mauritius,Մավրիկիոս,Mauritius,モーリシャス,모리셔스,Mauricijus,Mauritius,Mauritius,Mauritius,"Ilhas Maurícias",Mauritius,Маврикий,Maurícius,Mauritius,Mauricijus,Mauritius,มอริเชียส,Маврикій,毛里求斯,模里西斯
484,mx,mex,المكسيك,Мексико,Mexiko,Mexico,Mexiko,Μεξικό,Mexico,Meksiko,México,Mehhiko,Mexiko,Meksiko,Mexique,Meksiko,Mexikó,Մեքսիկա,Messico,メキシコ,멕시코,Meksika,Mexico,Mexico,Meksyk,México,Mexic,Мексика,Mexiko,Mehika,Meksiko,Mexiko,เม็กซิโก,Мексика,墨西哥,墨西哥
583,fm,fsm,"ولايات ميكرونيسيا المتحدة",Микронезия,Mikronésie,Mikronesien,Mikronesien,"Ομόσπονδες Πολιτείες της Μικρονησίας","Micronesia (Federated States of)","Federacio de Mikronezio",Micronesia,"Mikroneesia Liiduriigid","Mikronesiako Estatu Federatuak","Mikronesian liittovaltio","États fédérés de Micronésie",Mikronezija,Mikronézia,Միկրոնեզիա,Micronesia,ミクロネシア連邦,"미크로네시아 연방",Mikronezija,Micronesië,Mikronesiaføderasjonen,Mikronezja,"Estados Federados da Micronésia",Micronezia,Микронезия,Mikronézia,Mikronezija,Mikronezija,"Mikronesiska federationen",ไมโครนีเชีย,"Федеративні Штати Мікронезії",密克罗尼西亚联邦,密克羅尼西亞聯邦
504,ma,mar,المغرب,Мароко,Maroko,Marokko,Marokko,Μαρόκο,Morocco,Maroko,Marruecos,Maroko,Maroko,Marokko,Maroc,Maroko,Marokkó,Մարոկկո,Marocco,モロッコ,모로코,Marokas,Marokko,Marokko,Maroko,Marrocos,Maroc,Марокко,Maroko,Maroko,Maroko,Marocko,โมร็อกโก,Марокко,摩洛哥,摩洛哥
498,md,mda,مولدوفا,Молдова,Moldavsko,Moldova,Moldau,Μολδαβία,"Moldova, Republic of",Moldavio,Moldavia,Moldova,Moldavia,Moldova,Moldavie,Moldova,Moldova,Մոլդովա,Moldavia,モルドバ共和国,몰도바,Moldavija,Moldavië,Moldova,Mołdawia,Moldávia,"Republica Moldova",Молдавия,Moldavsko,Moldavija,Moldavija,Moldavien,มอลโดวา,Молдова,摩尔多瓦,摩爾多瓦
492,mc,mco,موناكو,Монако,Monako,Monaco,Monaco,Μονακό,Monaco,Monako,Mónaco,Monaco,Monako,Monaco,Monaco,Monako,Monaco,Մոնակո,Monaco,モナコ,모나코,Monakas,Monaco,Monaco,Monako,Mónaco,Monaco,Монако,Monako,Monako,Monako,Monaco,โมนาโก,Монако,摩纳哥,摩納哥
496,mn,mng,منغوليا,Монголия,Mongolsko,Mongoliet,Mongolei,Μογγολία,Mongolia,Mongolio,Mongolia,Mongoolia,Mongolia,Mongolia,Mongolie,Mongolija,Mongólia,Մոնղոլիա,Mongolia,モンゴル,몽골,Mongolija,Mongolië,Mongolia,Mongolia,Mongólia,Mongolia,Монголия,Mongolsko,Mongolija,Mongolija,Mongoliet,มองโกเลีย,Монголія,蒙古,蒙古
499,me,mne,"الجبل الأسود","Черна гора","Černá Hora",Montenegro,Montenegro,Μαυροβούνιο,Montenegro,Montenegro,Montenegro,Montenegro,Montenegro,Montenegro,Monténégro,"Crna Gora",Montenegró,Չեռնոգորիա,Montenegro,モンテネグロ,몬테네그로,Juodkalnija,Montenegro,Montenegro,Czarnogóra,Montenegro,Muntenegru,Черногория,"Čierna Hora","Črna gora","Crna Gora",Montenegro,มอนเตเนโกร,Чорногорія,黑山,蒙特內哥羅
508,mz,moz,موزمبيق,Мозамбик,Mosambik,Mozambique,Mosambik,Μοζαμβίκη,Mozambique,Mozambiko,Mozambique,Mosambiik,Mozambike,Mosambik,Mozambique,Mozambik,Mozambik,Մոզամբիկ,Mozambico,モザンビーク,모잠비크,Mozambikas,Mozambique,Mosambik,Mozambik,Moçambique,Mozambic,Мозамбик,Mozambik,Mozambik,Mozambik,Moçambique,โมซัมบิก,Мозамбік,莫桑比克,莫三比克
104,mm,mmr,ميانمار,Мианмар,Myanmar,Burma,Myanmar,Μιανμάρ,Myanmar,Birmo,Birmania,Birma,Myanmar,Myanmar,Birmanie,"Mijanmar (Burma)",Mianmar,Մյանմա,Birmania,ミャンマー,미얀마,Mianmaras,Myanmar,Myanmar,Mjanma,Mianmar,Myanmar,Мьянма,Mjanmarsko,Mjanmar,Mjanmar,Myanmar,พม่า,М'янма,缅甸,緬甸
516,na,nam,ناميبيا,Намибия,Namibie,Namibia,Namibia,Ναμίμπια,Namibia,Namibio,Namibia,Namiibia,Namibia,Namibia,Namibie,Namibija,Namíbia,Նամիբիա,Namibia,ナミビア,나미비아,Namibija,Namibië,Namibia,Namibia,Namíbia,Namibia,Намибия,Namíbia,Namibija,Namibija,Namibia,นามิเบีย,Намібія,纳米比亚,納米比亞
520,nr,nru,ناورو,Науру,Nauru,Nauru,Nauru,Ναουρού,Nauru,Nauro,Nauru,Nauru,Nauru,Nauru,Nauru,Nauru,Nauru,Նաուրու,Nauru,ナウル,나우루,Nauru,Nauru,Nauru,Nauru,Nauru,Nauru,Науру,Nauru,Nauru,Nauru,Nauru,นาอูรู,Науру,瑙鲁,諾魯
524,np,npl,نيبال,Непал,Nepál,Nepal,Nepal,Νεπάλ,Nepal,Nepalo,Nepal,Nepal,Nepal,Nepal,Népal,Nepal,Nepál,Նեպալ,Nepal,ネパール,네팔,Nepalas,Nepal,Nepal,Nepal,Nepal,Nepal,Непал,Nepál,Nepal,Nepal,Nepal,เนปาล,Непал,尼泊尔,尼泊爾
528,nl,nld,هولندا,Нидерландия,Nizozemsko,Holland,Niederlande,"Ολλανδία (Κάτω Χώρες)",Netherlands,Nederlando,"Países Bajos",Holland,Herbehereak,Alankomaat,Pays-Bas,Nizozemska,Hollandia,Նիդերլանդներ,"Paesi Bassi",オランダ,네덜란드,Nyderlandai,Nederland,Nederland,Holandia,"Países Baixos","Țările de Jos",Нидерланды,Holandsko,Nizozemska,Holandija,Nederländerna,เนเธอร์แลนด์,Нідерланди,荷兰,荷蘭
554,nz,nzl,نيوزيلندا,"Нова Зеландия","Nový Zéland","New Zealand",Neuseeland,"Νέα Ζηλανδία","New Zealand",Nov-Zelando,"Nueva Zelanda",Uus-Meremaa,"Zeelanda Berria",Uusi-Seelanti,Nouvelle-Zélande,"Novi Zeland",Új-Zéland,"Նոր Զելանդիա","Nuova Zelanda",ニュージーランド,뉴질랜드,"Naujoji Zelandija",Nieuw-Zeeland,"New Zealand","Nowa Zelandia","Nova Zelândia","Noua Zeelandă","Новая Зеландия","Nový Zéland","Nova Zelandija","Novi Zeland","Nya Zeeland",นิวซีแลนด์,"Нова Зеландія",新西兰,紐西蘭
558,ni,nic,نيكاراغوا,Никарагуа,Nikaragua,Nicaragua,Nicaragua,Νικαράγουα,Nicaragua,Nikaragvo,Nicaragua,Nicaragua,Nikaragua,Nicaragua,Nicaragua,Nikaragva,Nicaragua,Նիկարագուա,Nicaragua,ニカラグア,니카라과,Nikaragva,Nicaragua,Nicaragua,Nikaragua,Nicarágua,Nicaragua,Никарагуа,Nikaragua,Nikaragva,Nikaragva,Nicaragua,นิการากัว,Нікарагуа,尼加拉瓜,尼加拉瓜
562,ne,ner,النيجر,Нигер,Niger,Niger,Niger,Νίγηρας,Niger,Niĝero,Níger,Niger,Niger,Niger,Niger,Niger,Niger,Նիգեր,Niger,ニジェール,니제르,Nigeris,Niger,Niger,Niger,Níger,Niger,Нигер,Niger,Niger,Niger,Niger,ไนเจอร์,Нігер,尼日尔,尼日
566,ng,nga,نيجيريا,Нигерия,Nigérie,Nigeria,Nigeria,Νιγηρία,Nigeria,Niĝerio,Nigeria,Nigeeria,Nigeria,Nigeria,Nigeria,Nigerija,Nigéria,Նիգերիա,Nigeria,ナイジェリア,나이지리아,Nigerija,Nigeria,Nigeria,Nigeria,Nigéria,Nigeria,Нигерия,Nigéria,Nigerija,Nigerija,Nigeria,ไนจีเรีย,Нігерія,尼日利亚,奈及利亞
578,no,nor,النرويج,Норвегия,Norsko,Norge,Norwegen,Νορβηγία,Norway,Norvegio,Noruega,Norra,Norvegia,Norja,Norvège,Norveška,Norvégia,Նորվեգիա,Norvegia,ノルウェー,노르웨이,Norvegija,Noorwegen,Norge,Norwegia,Noruega,Norvegia,Норвегия,Nórsko,Norveška,Norveška,Norge,นอร์เวย์,Норвегія,挪威,挪威
512,om,omn,عُمان,Оман,Omán,Oman,Oman,Ομάν,Oman,Omano,Omán,Omaan,Oman,Oman,Oman,Oman,Omán,Օման,Oman,オマーン,오만,Omanas,Oman,Oman,Oman,Omã,Oman,Оман,Omán,Oman,Oman,Oman,โอมาน,Оман,阿曼,阿曼
586,pk,pak,باكستان,Пакистан,Pákistán,Pakistan,Pakistan,Πακιστάν,Pakistan,Pakistano,Pakistán,Pakistan,Pakistan,Pakistan,Pakistan,Pakistan,Pakisztán,Պակիստան,Pakistan,パキスタン,파키스탄,Pakistanas,Pakistan,Pakistan,Pakistan,Paquistão,Pakistan,Пакистан,Pakistan,Pakistan,Pakistan,Pakistan,ปากีสถาน,Пакистан,巴基斯坦,巴基斯坦
585,pw,plw,بالاو,Палау,Palau,Palau,Palau,Παλάου,Palau,Palaŭo,Palaos,Belau,Palau,Palau,Palaos,Palau,Palau,Պալաու,Palau,パラオ,팔라우,Palau,Palau,Palau,Palau,Palau,Palau,Палау,Palau,Palau,Palau,Palau,ปาเลา,Палау,帕劳,帛琉
591,pa,pan,بنما,Панама,Panama,Panama,Panama,Παναμάς,Panama,Panamo,Panamá,Panama,Panama,Panama,Panama,Panama,Panama,Պանամա,Panama,パナマ,파나마,Panama,Panama,Panama,Panama,Panamá,Panama,Панама,Panama,Panama,Panama,Panama,ปานามา,Панама,巴拿马,巴拿馬
598,pg,png,"بابوا غينيا الجديدة","Папуа Нова Гвинея","Papua Nová Guinea","Papua Ny Guinea",Papua-Neuguinea,"Παπούα Νέα Γουινέα","Papua New Guinea",Papuo-Nov-Gvineo,"Papúa Nueva Guinea","Paapua Uus-Guinea","Papua Ginea Berria",Papua-Uusi-Guinea,Papouasie-Nouvelle-Guinée,"Papua Nova Gvineja","Pápua Új-Guinea","Պապուա Նոր Գվինեա","Papua Nuova Guinea",パプアニューギニア,파푸아뉴기니,"Papua Naujoji Gvinėja",Papoea-Nieuw-Guinea,"Papua Ny-Guinea","Papua-Nowa Gwinea","Papua-Nova Guiné","Papua Noua Guinee","Папуа — Новая Гвинея","Papua-Nová Guinea","Papua Nova Gvineja","Papua Nova Gvineja","Papua Nya Guinea",ปาปัวนิวกินี,"Папуа Нова Гвінея",巴布亚新几内亚,巴布亞紐幾內亞
600,py,pry,باراغواي,Парагвай,Paraguay,Paraguay,Paraguay,Παραγουάη,Paraguay,Paragvajo,Paraguay,Paraguay,Paraguai,Paraguay,Paraguay,Paragvaj,Paraguay,Պարագվայ,Paraguay,パラグアイ,파라과이,Paragvajus,Paraguay,Paraguay,Paragwaj,Paraguai,Paraguay,Парагвай,Paraguaj,Paragvaj,Paragvaj,Paraguay,ปารากวัย,Парагвай,巴拉圭,巴拉圭
604,pe,per,بيرو,Перу,Peru,Peru,Peru,Περού,Peru,Peruo,Perú,Peruu,Peru,Peru,Pérou,Peru,Peru,Պերու,Perù,ペルー,페루,Peru,Peru,Peru,Peru,Peru,Peru,Перу,Peru,Peru,Peru,Peru,เปรู,Перу,秘鲁,秘魯
608,ph,phl,الفلبين,Филипини,Filipíny,Filippinerne,Philippinen,Φιλιππίνες,Philippines,Filipinoj,Filipinas,Filipiinid,Filipinak,Filippiinit,Philippines,Filipini,Fülöp-szigetek,Ֆիլիպիններ,Filippine,フィリピン,필리핀,Filipinai,Filipijnen,Filippinene,Filipiny,Filipinas,Filipine,Филиппины,Filipíny,Filipini,Filipini,Filippinerna,ฟิลิปปินส์,Філіппіни,菲律宾,菲律賓
616,pl,pol,بولندا,Полша,Polsko,Polen,Polen,Πολωνία,Poland,Pollando,Polonia,Poola,Polonia,Puola,Pologne,Poljska,Lengyelország,Լեհաստան,Polonia,ポーランド,폴란드,Lenkija,Polen,Polen,Polska,Polónia,Polonia,Польша,Poľsko,Poljska,Poljska,Polen,โปแลนด์,Польща,波兰,波蘭
620,pt,prt,البرتغال,Португалия,Portugalsko,Portugal,Portugal,Πορτογαλία,Portugal,Portugalio,Portugal,Portugal,Portugal,Portugali,Portugal,Portugal,Portugália,Պորտուգալիա,Portogallo,ポルトガル,포르투갈,Portugalija,Portugal,Portugal,Portugalia,Portugal,Portugalia,Португалия,Portugalsko,Portugalska,Portugal,Portugal,โปรตุเกส,Португалія,葡萄牙,葡萄牙
634,qa,qat,قطر,Катар,Katar,Qatar,Katar,Κατάρ,Qatar,Kataro,Catar,Katar,Qatar,Qatar,Qatar,Katar,Katar,Կատար,Qatar,カタール,카타르,Kataras,Qatar,Qatar,Katar,Catar,Qatar,Катар,Katar,Katar,Katar,Qatar,กาตาร์,Катар,卡塔尔,卡達
642,ro,rou,رومانيا,Румъния,Rumunsko,Rumænien,Rumänien,Ρουμανία,Romania,Rumanio,Rumania,Rumeenia,Errumania,Romania,Roumanie,Rumunjska,Románia,Ռումինիա,Romania,ルーマニア,루마니아,Rumunija,Roemenië,Romania,Rumunia,Roménia,România,Румыния,Rumunsko,Romunija,Rumunija,Rumänien,โรมาเนีย,Румунія,罗马尼亚,羅馬尼亞
643,ru,rus,روسيا,Русия,Rusko,Rusland,Russland,Ρωσία,"Russian Federation",Rusio,Rusia,Venemaa,Errusia,Venäjä,Russie,Rusija,Oroszország,Ռուսաստան,Russia,ロシア連邦,러시아,Rusija,Rusland,Russland,Rosja,Rússia,Rusia,Россия,Rusko,Rusija,Rusija,Ryssland,รัสเซีย,Росія,俄罗斯,俄羅斯
646,rw,rwa,رواندا,Руанда,Rwanda,Rwanda,Ruanda,Ρουάντα,Rwanda,Ruando,Ruanda,Rwanda,Ruanda,Ruanda,Rwanda,Ruanda,Ruanda,Ռուանդա,Ruanda,ルワンダ,르완다,Ruanda,Rwanda,Rwanda,Rwanda,Ruanda,Rwanda,Руанда,Rwanda,Ruanda,Ruanda,Rwanda,รวันดา,Руанда,卢旺达,盧安達
659,kn,kna,"سانت كيتس ونيفيس","Сейнт Китс и Невис","Svatý Kryštof a Nevis","Saint Kitts og Nevis","St. Kitts und Nevis","Άγιος Χριστόφορος και Νέβις","Saint Kitts and Nevis","Sankta-Kito kaj Neviso","San Cristóbal y Nieves","Saint Kitts ja Nevis","Saint Kitts eta Nevis","Saint Kitts ja Nevis",Saint-Christophe-et-Niévès,"Sveti Kristofor i Nevis","Saint Kitts és Nevis","Սենտ Կիտս և Նևիս","Saint Kitts e Nevis",セントクリストファー・ネイビス,"세인트키츠 네비스","Sent Kitsas ir Nevis","Saint Kitts en Nevis","Saint Kitts og Nevis","Saint Kitts i Nevis","São Cristóvão e Neves","Sfântul Kitts și Nevis","Сент-Китс и Невис","Svätý Krištof a Nevis","Saint Kitts in Nevis","Sveti Kits i Nevis","Saint Kitts och Nevis",เซนต์คิตส์และเนวิส,"Сент-Кіттс і Невіс",圣基茨和尼维斯,聖克里斯多福及尼維斯
662,lc,lca,"سانت لوسيا","Сейнт Лусия","Svatá Lucie","Saint Lucia","St. Lucia","Αγία Λουκία","Saint Lucia","Sankta Lucio","Santa Lucía","Saint Lucia","Santa Luzia","Saint Lucia",Sainte-Lucie,"Sveta Lucija","Saint Lucia","Սենթ Լյուսիա","Saint Lucia",セントルシア,세인트루시아,"Sent Lusija","Saint Lucia","Saint Lucia","Saint Lucia","Santa Lúcia","Sfânta Lucia",Сент-Люсия,"Svätá Lucia","Saint Lucia","Sveta Lucija","Saint Lucia",เซนต์ลูเชีย,Сент-Люсія,圣卢西亚,聖露西亞
670,vc,vct,"سانت فينسنت والغرينادين","Сейнт Винсент и Гренадини","Svatý Vincenc a Grenadiny","Saint Vincent og Grenadinerne","St. Vincent und die Grenadinen","Άγιος Βικέντιος και Γρεναδίνες","Saint Vincent and the Grenadines","Sankta Vincento kaj la Grenadinoj","San Vicente y las Granadinas","Saint Vincent ja Grenadiinid","Saint Vincent eta Grenadinak","Saint Vincent ja Grenadiinit",Saint-Vincent-et-les-Grenadines,"Sveti Vincent i Grenadini","Saint Vincent és a Grenadine-szigetek","Սենտ Վինսենտ և Գրենադիներ","Saint Vincent e Grenadine",セントビンセントおよびグレナディーン諸島,"세인트빈센트 그레나딘","Sent Vinsentas ir Grenadinai","Saint Vincent en de Grenadines","Saint Vincent og Grenadinene","Saint Vincent i Grenadyny","São Vicente e Granadinas","Sfântul Vincent și Grenadine","Сент-Винсент и Гренадины","Svätý Vincent a Grenadíny","Saint Vincent in Grenadine","Sveti Vinsent i Grenadini","Saint Vincent och Grenadinerna",เซนต์วินเซนต์และเกรนาดีนส์,"Сент-Вінсент і Гренадини",圣文森特和格林纳丁斯,聖文森及格瑞那丁
882,ws,wsm,ساموا,Самоа,Samoa,Samoa,Samoa,Σαμόα,Samoa,Samoo,Samoa,Samoa,Samoa,Samoa,Samoa,"Zapadna Samoa",Szamoa,Սամոա,Samoa,サモア,사모아,Samoa,Samoa,Samoa,Samoa,Samoa,Samoa,Самоа,Samoa,"Zahodna Samoa",Samoa,Samoa,ซามัว,Самоа,萨摩亚,薩摩亞
674,sm,smr,"سان مارينو","Сан Марино","San Marino","San Marino","San Marino","Άγιος Μαρίνος","San Marino",San-Marino,"San Marino","San Marino","San Marino","San Marino",Saint-Marin,"San Marino","San Marino","Սան Մարինո","San Marino",サンマリノ,산마리노,"San Marinas","San Marino","San Marino","San Marino","San Marino","San Marino",Сан-Марино,"San Maríno","San Marino","San Marino","San Marino",ซานมารีโน,Сан-Марино,圣马力诺,聖馬利諾
678,st,stp,"ساو تومي وبرينسيب","Сао Томе и Принсипи","Svatý Tomáš a Princův ostrov","São Tomé og Príncipe","São Tomé und Príncipe","Σάο Τομέ και Πρίνσιπε","Sao Tome and Principe","Santomeo kaj Principeo","Santo Tomé y Príncipe","São Tomé ja Príncipe","Sao Tome eta Principe","São Tomé ja Príncipe","Sao Tomé-et-Principe","Sveti Toma i Prinsipe","São Tomé és Príncipe","Սան Տոմե և Պրինսիպի","São Tomé e Príncipe",サントメ・プリンシペ,"상투메 프린시페","San Tomė ir Prinsipė","Sao Tomé en Principe","São Tomé og Príncipe","Wyspy Świętego Tomasza i Książęca","São Tomé e Príncipe","Sao Tome și Principe","Сан-Томе и Принсипи","Svätý Tomáš a Princov ostrov","Sao Tome in Principe","Sao Tome i Principe","São Tomé och Príncipe",เซาตูแมอีปริงซีป,"Сан-Томе і Принсіпі",圣多美和普林西比,聖多美普林西比
682,sa,sau,السعودية,"Саудитска Арабия","Saúdská Arábie",Saudi-Arabien,Saudi-Arabien,"Σαουδική Αραβία","Saudi Arabia","Sauda Arabio","Arabia Saudita","Saudi Araabia","Saudi Arabia",Saudi-Arabia,"Arabie saoudite","Saudijska Arabija",Szaúd-Arábia,"Սաուդյան Արաբիա","Arabia Saudita",サウジアラビア,사우디아라비아,"Saudo Arabija",Saoedi-Arabië,Saudi-Arabia,"Arabia Saudyjska","Arábia Saudita","Arabia Saudită","Саудовская Аравия","Saudská Arábia","Saudova Arabija","Saudijska Arabija",Saudiarabien,ซาอุดีอาระเบีย,"Саудівська Аравія",沙特阿拉伯,沙烏地阿拉伯
686,sn,sen,السنغال,Сенегал,Senegal,Senegal,Senegal,Σενεγάλη,Senegal,Senegalo,Senegal,Senegal,Senegal,Senegal,Sénégal,Senegal,Szenegál,Սենեգալ,Senegal,セネガル,세네갈,Senegalas,Senegal,Senegal,Senegal,Senegal,Senegal,Сенегал,Senegal,Senegal,Senegal,Senegal,เซเนกัล,Сенегал,塞内加尔,塞內加爾
688,rs,srb,صربيا,Сърбия,Srbsko,Serbien,Serbien,Σερβία,Serbia,Serbio,Serbia,Serbia,Serbia,Serbia,Serbie,Srbija,Szerbia,Սերբիա,Serbia,セルビア,세르비아,Serbija,Servië,Serbia,Serbia,Sérvia,Serbia,Сербия,Srbsko,Srbija,Srbija,Serbien,เซอร์เบีย,Сербія,塞尔维亚,塞爾維亞
690,sc,syc,سيشل,"Сейшелски острови",Seychely,Seychellerne,Seychellen,Σεϋχέλλες,Seychelles,Sejŝeloj,Seychelles,Seišellid,Seychelleak,Seychellit,Seychelles,Sejšeli,Seychelle-szigetek,Սեյշելներ,Seychelles,セーシェル,세이셸,Seišeliai,Seychellen,Seychellene,Seszele,Seicheles,Seychelles,"Сейшельские Острова",Seychely,Sejšeli,Sejšeli,Seychellerna,เซเชลส์,"Сейшельські Острови",塞舌尔,塞席爾
694,sl,sle,سيراليون,"Сиера Леоне","Sierra Leone","Sierra Leone","Sierra Leone","Σιέρα Λεόνε","Sierra Leone",Sieraleono,"Sierra Leona","Sierra Leone","Sierra Leona","Sierra Leone","Sierra Leone","Sijera Leone","Sierra Leone","Սիեռա Լեոնե","Sierra Leone",シエラレオネ,시에라리온,"Siera Leonė","Sierra Leone","Sierra Leone","Sierra Leone","Serra Leoa","Sierra Leone",Сьерра-Леоне,"Sierra Leone","Sierra Leone","Sijera Leone","Sierra Leone",เซียร์ราลีโอน,Сьєрра-Леоне,塞拉利昂,獅子山
702,sg,sgp,سنغافورة,Сингапур,Singapur,Singapore,Singapur,Σιγκαπούρη,Singapore,Singapuro,Singapur,Singapur,Singapur,Singapore,Singapour,Singapur,Szingapúr,Սինգապուր,Singapore,シンガポール,싱가포르,Singapūras,Singapore,Singapore,Singapur,Singapura,Singapore,Сингапур,Singapur,Singapur,Singapur,Singapore,สิงคโปร์,Сінгапур,新加坡,新加坡
703,sk,svk,سلوفاكيا,Словакия,Slovensko,Slovakiet,Slowakei,Σλοβακία,Slovakia,Slovakio,Eslovaquia,Slovakkia,Eslovakia,Slovakia,Slovaquie,Slovačka,Szlovákia,Սլովակիա,Slovacchia,スロバキア,슬로바키아,Slovakija,Slowakije,Slovakia,Słowacja,Eslováquia,Slovacia,Словакия,Slovensko,Slovaška,Slovačka,Slovakien,สโลวาเกีย,Словаччина,斯洛伐克,斯洛伐克
705,si,svn,سلوفينيا,Словения,Slovinsko,Slovenien,Slowenien,Σλοβενία,Slovenia,Slovenio,Eslovenia,Sloveenia,Eslovenia,Slovenia,Slovénie,Slovenija,Szlovénia,Սլովենիա,Slovenia,スロベニア,슬로베니아,Slovėnija,Slovenië,Slovenia,Słowenia,Eslovênia,Slovenia,Словения,Slovinsko,Slovenija,Slovenija,Slovenien,สโลวีเนีย,Словенія,斯洛文尼亚,斯洛維尼亞
90,sb,slb,"جزر سليمان","Соломонови острови","Šalomounovy ostrovy",Salomonøerne,Salomonen,"Νήσοι Σολομώντα","Solomon Islands",Salomonoj,"Islas Salomón","Saalomoni Saared","Salomon Uharteak",Salomonsaaret,"Îles Salomon","Solomonski Otoci",Salamon-szigetek,"Սողոմոնյան Կղզիներ","Isole Salomone",ソロモン諸島,"솔로몬 제도","Saliamono Salos",Salomonseilanden,Salomonøyene,"Wyspy Salomona","Ilhas Salomão","Insulele Solomon","Соломоновы Острова","Šalamúnove ostrovy","Salomonovi otoki","Solomonova Ostrva",Salomonöarna,หมู่เกาะโซโลมอน,"Соломонові Острови",所罗门群岛,索羅門群島
706,so,som,الصومال,Сомалия,Somálsko,Somalia,Somalia,Σομαλία,Somalia,Somalio,Somalia,Somaalia,Somalia,Somalia,Somalie,Somalija,Szomália,Սոմալի,Somalia,ソマリア,소말리아,Somalis,Somalië,Somalia,Somalia,Somália,Somalia,Сомали,Somálsko,Somalija,Somalija,Somalia,โซมาเลีย,Сомалі,索马里,索馬利亞
710,za,zaf,"جنوب إفريقيا",ЮАР,"Jihoafrická republika",Sydafrika,Südafrika,"Νότια Αφρική","South Africa",Sud-Afriko,Sudáfrica,"Lõuna-Aafrika Vabariik",Hegoafrika,Etelä-Afrikka,"Afrique du Sud","Južna Afrika","Dél-afrikai Köztársaság","Հարավաֆրիկյան Հանրապետություն",Sudafrica,南アフリカ,"남아프리카 공화국",PAR,Zuid-Afrika,Sør-Afrika,"Południowa Afryka","África do Sul","Africa de Sud",ЮАР,"Južná Afrika","Južna Afrika","Južnoafrička Republika",Sydafrika,แอฟริกาใต้,ПАР,南非,南非
728,ss,ssd,"جنوب السودان","Южен Судан","Jižní Súdán",Sydsudan,Südsudan,"Νότιο Σουδάν","South Sudan",Sud-Sudano,"Sudán del Sur",Lõuna-Sudaan,"Hego Sudan",Etelä-Sudan,"Soudan du Sud","Južni Sudan",Dél-Szudán,"Հարավային Սուդան","Sudan del Sud",南スーダン,남수단,"Pietų Sudanas",Zuid-Soedan,Sør-Sudan,"Sudan Południowy","Sudão do Sul","Sudanul de Sud","Южный Судан","Južný Sudán","Južni Sudan","Južni Sudan",Sydsudan,ซูดานใต้,"Південний Судан",南苏丹,南蘇丹
724,es,esp,إسبانيا,Испания,Španělsko,Spanien,Spanien,Ισπανία,Spain,Hispanio,España,Hispaania,Espainia,Espanja,Espagne,Španjolska,Spanyolország,Իսպանիա,Spagna,スペイン,스페인,Ispanija,Spanje,Spania,Hiszpania,Espanha,Spania,Испания,Španielsko,Španija,Španija,Spanien,สเปน,Іспанія,西班牙,西班牙
144,lk,lka,سريلانكا,"Шри Ланка","Srí Lanka","Sri Lanka","Sri Lanka","Σρι Λάνκα","Sri Lanka",Srilanko,"Sri Lanka","Sri Lanka","Sri Lanka","Sri Lanka","Sri Lanka","Šri Lanka","Srí Lanka","Շրի Լանկա","Sri Lanka",スリランカ,스리랑카,"Šri Lanka","Sri Lanka","Sri Lanka","Sri Lanka","Seri Lanca","Sri Lanka",Шри-Ланка,"Srí Lanka",Šrilanka,"Šri Lanka","Sri Lanka",ศรีลังกา,Шрі-Ланка,斯里兰卡,斯里蘭卡
729,sd,sdn,السودان,Судан,Súdán,Sudan,Sudan,Σουδάν,Sudan,Sudano,Sudán,Sudaan,Sudan,Sudan,Soudan,Sudan,Szudán,Սուդան,Sudan,スーダン,수단,Sudanas,Soedan,Sudan,Sudan,Sudão,Sudan,Судан,Sudán,Sudan,Sudan,Sudan,ซูดาน,Судан,苏丹,蘇丹
740,sr,sur,سورينام,Суринам,Surinam,Surinam,Suriname,Σουρινάμ,Suriname,Surinamo,Surinam,Suriname,Surinam,Suriname,Suriname,Surinam,Suriname,Սուրինամ,Suriname,スリナム,수리남,Surinamas,Suriname,Surinam,Surinam,Suriname,Surinam,Суринам,Surinam,Surinam,Surinam,Surinam,ซูรินาม,Суринам,苏里南,蘇利南
748,sz,swz,إسواتيني,Есватини,Svazijsko,Swaziland,Eswatini,Εσουατίνι,Eswatini,Svazilando,Suazilandia,Svaasimaa,Eswatini,Swazimaa,Eswatini,Esvatini,Szváziföld,Էսվատինի,eSwatini,エスワティニ,에스와티니,Svazilendas,Swaziland,Eswatini,Eswatini,Essuatíni,Eswatini,Эсватини,Svazijsko,Esvatini,Svazilend,Swaziland,เอสวาตีนี,Есватіні,斯威士兰,史瓦帝尼
752,se,swe,السويد,Швеция,Švédsko,Sverige,Schweden,Σουηδία,Sweden,Svedio,Suecia,Rootsi,Suedia,Ruotsi,Suède,Švedska,Svédország,Շվեդիա,Svezia,スウェーデン,스웨덴,Švedija,Zweden,Sverige,Szwecja,Suécia,Suedia,Швеция,Švédsko,Švedska,Švedska,Sverige,สวีเดน,Швеція,瑞典,瑞典
756,ch,che,سويسرا,Швейцария,Švýcarsko,Schweiz,Schweiz,Ελβετία,Switzerland,Svislando,Suiza,Šveits,Suitza,Sveitsi,Suisse,Švicarska,Svájc,Շվեյցարիա,Svizzera,スイス,스위스,Šveicarija,Zwitserland,Sveits,Szwajcaria,Suíça,Elveția,Швейцария,Švajčiarsko,Švica,Švajcarska,Schweiz,สวิตเซอร์แลนด์,Швейцарія,瑞士,瑞士
760,sy,syr,سوريا,Сирия,Sýrie,Syrien,Syrien,Συρία,"Syrian Arab Republic",Sirio,Siria,Süüria,Siria,Syyria,Syrie,Sirija,Szíria,Սիրիա,Siria,シリア・アラブ共和国,시리아,Sirija,Syrië,Syria,Syria,Síria,Siria,Сирия,Sýria,Sirija,Sirija,Syrien,ซีเรีย,Сирія,叙利亚,敘利亞
762,tj,tjk,طاجيكستان,Таджикистан,Tádžikistán,Tadsjikistan,Tadschikistan,Τατζικιστάν,Tajikistan,Taĝikio,Tayikistán,Tadžikistan,Tajikistan,Tadžikistan,Tadjikistan,Tadžikistan,Tádzsikisztán,Տաջիկստան,Tagikistan,タジキスタン,타지키스탄,Tadžikija,Tadzjikistan,Tadsjikistan,Tadżykistan,Tajiquistão,Tadjikistan,Таджикистан,Tadžikistan,Tadžikistan,Tadžikistan,Tadzjikistan,ทาจิกิสถาน,Таджикистан,塔吉克斯坦,塔吉克
834,tz,tza,تنزانيا,Танзания,Tanzanie,Tanzania,Tansania,Τανζανία,"Tanzania, United Republic of",Tanzanio,Tanzania,Tansaania,Tanzania,Tansania,Tanzanie,Tanzanija,Tanzánia,Տանզանիա,Tanzania,タンザニア,탄자니아,Tanzanija,Tanzania,Tanzania,Tanzania,Tanzânia,Tanzania,Танзания,Tanzánia,Tanzanija,Tanzanija,Tanzania,แทนซาเนีย,Танзанія,坦桑尼亚,坦尚尼亞
764,th,tha,تايلاند,Тайланд,Thajsko,Thailand,Thailand,Ταϊλάνδη,Thailand,Tajlando,Tailandia,Tai,Thailandia,Thaimaa,Thaïlande,Tajland,Thaiföld,Թաիլանդ,Thailandia,タイ,태국,Tailandas,Thailand,Thailand,Tajlandia,Tailândia,Thailanda,Таиланд,Thajsko,Tajska,Tajland,Thailand,ไทย,Таїланд,泰国,泰國
626,tl,tls,"تيمور الشرقية","Източен Тимор","Východní Timor",Østtimor,Osttimor,"Ανατολικό Τιμόρ",Timor-Leste,"Orienta Timoro","Timor Oriental",Ida-Timor,"Ekialdeko Timor",Itä-Timor,"Timor oriental","Istočni Timor",Kelet-Timor,"Արևելյան Թիմոր","Timor Est",東ティモール,동티모르,"Rytų Timoras",Oost-Timor,Øst-Timor,"Timor Wschodni",Timor-Leste,"Timorul de Est","Восточный Тимор","Východný Timor","Vzhodni Timor","Istočni Timor",Östtimor,ติมอร์-เลสเต,"Східний Тимор",东帝汶,東帝汶
768,tg,tgo,توغو,Того,Togo,Togo,Togo,Τόγκο,Togo,Togolando,Togo,Togo,Togo,Togo,Togo,Togo,Togo,Տոգո,Togo,トーゴ,토고,Togas,Togo,Togo,Togo,Togo,Togo,Того,Togo,Togo,Togo,Togo,โตโก,Того,多哥,多哥
776,to,ton,تونغا,Тонга,Tonga,Tonga,Tonga,Τόγκα,Tonga,Tongo,Tonga,Tonga,Tonga,Tonga,Tonga,Tonga,Tonga,Տոնգա,Tonga,トンガ,통가,Tonga,Tonga,Tonga,Tonga,Tonga,Tonga,Тонга,Tonga,Tonga,Tonga,Tonga,ตองงา,Тонга,汤加,東加
780,tt,tto,"ترينيداد وتوباغو","Тринидад и Тобаго","Trinidad a Tobago","Trinidad og Tobago","Trinidad und Tobago","Τρινιντάντ και Τομπάγκο","Trinidad and Tobago","Trinidado kaj Tobago","Trinidad y Tobago","Trinidad ja Tobago","Trinidad eta Tobago","Trinidad ja Tobago",Trinité-et-Tobago,"Trinidad i Tobago","Trinidad és Tobago","Տրինիդադ և Տոբագո","Trinidad e Tobago",トリニダード・トバゴ,"트리니다드 토바고","Trinidadas ir Tobagas","Trinidad en Tobago","Trinidad og Tobago","Trynidad i Tobago","Trinidad e Tobago","Trinidad și Tobago","Тринидад и Тобаго","Trinidad a Tobago","Trinidad in Tobago","Trinidad i Tobago","Trinidad och Tobago",ตรินิแดดและโตเบโก,"Тринідад і Тобаго",特立尼达和多巴哥,千里達及托巴哥
788,tn,tun,تونس,Тунис,Tunisko,Tunesien,Tunesien,Τυνησία,Tunisia,Tunizio,Túnez,Tuneesia,Tunisia,Tunisia,Tunisie,Tunis,Tunézia,Թունիս,Tunisia,チュニジア,튀니지,Tunisas,Tunesië,Tunisia,Tunezja,Tunísia,Tunisia,Тунис,Tunisko,Tunizija,Tunis,Tunisien,ตูนิเซีย,Туніс,突尼斯,突尼西亞
792,tr,tur,تركيا,Турция,Turecko,Tyrkiet,Türkei,Τουρκία,Türkiye,Turkio,Turquía,Türgi,Turkia,Turkki,Turquie,Turska,Törökország,Թուրքիա,Turchia,トルコ,튀르키예,Turkija,Turkije,Tyrkia,Turcja,Turquia,Turcia,Турция,Turecko,Turčija,Turska,Turkiet,ตุรกี,Туреччина,土耳其,土耳其
795,tm,tkm,تركمانستان,Туркменистан,Turkmenistán,Turkmenistan,Turkmenistan,Τουρκμενιστάν,Turkmenistan,Turkmenio,Turkmenistán,Türkmenistan,Turkmenistan,Turkmenistan,Turkménistan,Turkmenistan,Türkmenisztán,Թուրքմենստան,Turkmenistan,トルクメニスタン,투르크메니스탄,Turkmėnija,Turkmenistan,Turkmenistan,Turkmenistan,Turcomenistão,Turkmenistan,Туркменистан,Turkménsko,Turkmenistan,Turkmenistan,Turkmenistan,เติร์กเมนิสถาน,Туркменістан,土库曼斯坦,土庫曼
798,tv,tuv,توفالو,Тувалу,Tuvalu,Tuvalu,Tuvalu,Τουβαλού,Tuvalu,Tuvalo,Tuvalu,Tuvalu,Tuvalu,Tuvalu,Tuvalu,Tuvalu,Tuvalu,Տուվալու,Tuvalu,ツバル,투발루,Tuvalu,Tuvalu,Tuvalu,Tuvalu,Tuvalu,Tuvalu,Тувалу,Tuvalu,Tuvalu,Tuvalu,Tuvalu,ตูวาลู,Тувалу,图瓦卢,吐瓦魯
800,ug,uga,أوغندا,Уганда,Uganda,Uganda,Uganda,Ουγκάντα,Uganda,Ugando,Uganda,Uganda,Uganda,Uganda,Ouganda,Uganda,Uganda,Ուգանդա,Uganda,ウガンダ,우간다,Uganda,Oeganda,Uganda,Uganda,Uganda,Uganda,Уганда,Uganda,Uganda,Uganda,Uganda,ยูกันดา,Уганда,乌干达,烏干達
804,ua,ukr,أوكرانيا,Украйна,Ukrajina,Ukraine,Ukraine,Ουκρανία,Ukraine,Ukrainio,Ucrania,Ukraina,Ukraina,Ukraina,Ukraine,Ukrajina,Ukrajna,Ուկրաինա,Ucraina,ウクライナ,우크라이나,Ukraina,Oekraïne,Ukraina,Ukraina,Ucrânia,Ucraina,Украина,Ukrajina,Ukrajina,Ukrajina,Ukraina,ยูเครน,Україна,乌克兰,烏克蘭
784,ae,are,"الإمارات العربية المتحدة",ОАЕ,"Spojené arabské emiráty","Forenede Arabiske Emirater","Vereinigte Arabische Emirate","Ηνωμένα Αραβικά Εμιράτα","United Arab Emirates","Unuiĝintaj Arabaj Emirlandoj","Emiratos Árabes Unidos","Araabia Ühendemiraadid","Arabiar Emirerri Batuak",Arabiemiirikunnat,"Émirats arabes unis","Ujedinjeni Arapski Emirati","Egyesült Arab Emírségek","Արաբական Միացյալ Էմիրություններ","Emirati Arabi Uniti",アラブ首長国連邦,아랍에미리트,"Jungtiniai Arabų Emyratai","Verenigde Arabische Emiraten","De forente arabiske emirater","Zjednoczone Emiraty Arabskie","Emirados Árabes Unidos","Emiratele Arabe Unite",ОАЭ,"Spojené arabské emiráty","Združeni arabski emirati","Ujedinjeni Arapski Emirati","Förenade arabemiraten",สหรัฐอาหรับเอมิเรตส์,ОАЕ,阿联酋,阿聯
826,gb,gbr,"المملكة المتحدة",Великобритания,"Spojené království Velké Británie a Severního Irska",Storbritannien,"Vereinigtes Königreich","Ηνωμένο Βασίλειο","United Kingdom of Great Britain and Northern Ireland",Britio,"Reino Unido",Suurbritannia,"Erresuma Batua","Yhdistynyt kuningaskunta",Royaume-Uni,"Velika Britanija","Egyesült Királyság","Մեծ Բրիտանիա","Regno Unito",イギリス,영국,"Jungtinė Karalystė","Verenigd Koninkrijk",Storbritannia,"Wielka Brytania","Reino Unido","Regatul Unit",Великобритания,"Spojené kráľovstvo","Združeno kraljestvo Velike Britanije in Severne Irske","Ujedinjeno Kraljevstvo",Storbritannien,สหราชอาณาจักร,"Велика Британія",英国,英國
840,us,usa,"الولايات المتحدة",САЩ,"Spojené státy americké",USA,"Vereinigte Staaten","Ηνωμένες Πολιτείες Αμερικής","United States of America",Usono,"Estados Unidos","Ameerika Ühendriigid",AEB,Yhdysvallat,États-Unis,"Sjedinjene Američke Države","Amerikai Egyesült Államok",ԱՄՆ,"Stati Uniti",アメリカ合衆国,미국,"Jungtinės Valstijos","Verenigde Staten",USA,"Stany Zjednoczone","Estados Unidos","Statele Unite ale Americii",США,"Spojené štáty","Združene države Amerike","Sjedinjene Američke Države",USA,สหรัฐ,США,美国,美國
858,uy,ury,الأوروغواي,Уругвай,Uruguay,Uruguay,Uruguay,Ουρουγουάη,Uruguay,Urugvajo,Uruguay,Uruguay,Uruguai,Uruguay,Uruguay,Urugvaj,Uruguay,Ուրուգվայ,Uruguay,ウルグアイ,우루과이,Urugvajus,Uruguay,Uruguay,Urugwaj,Uruguai,Uruguay,Уругвай,Uruguaj,Urugvaj,Urugvaj,Uruguay,อุรุกวัย,Уругвай,乌拉圭,烏拉圭
860,uz,uzb,أوزبكستان,Узбекистан,Uzbekistán,Usbekistan,Usbekistan,Ουζμπεκιστάν,Uzbekistan,Uzbekio,Uzbekistán,Usbekistan,Uzbekistan,Uzbekistan,Ouzbékistan,Uzbekistan,Üzbegisztán,Ուզբեկստան,Uzbekistan,ウズベキスタン,우즈베키스탄,Uzbekistanas,Oezbekistan,Usbekistan,Uzbekistan,Uzbequistão,Uzbekistan,Узбекистан,Uzbekistan,Uzbekistan,Uzbekistan,Uzbekistan,อุซเบกิสถาน,Узбекистан,乌兹别克斯坦,烏茲別克
548,vu,vut,فانواتو,Вануату,Vanuatu,Vanuatu,Vanuatu,Βανουάτου,Vanuatu,Vanuatuo,Vanuatu,Vanuatu,Vanuatu,Vanuatu,Vanuatu,Vanuatu,Vanuatu,Վանուատու,Vanuatu,バヌアツ,바누아투,Vanuatu,Vanuatu,Vanuatu,Vanuatu,Vanuatu,Vanuatu,Вануату,Vanuatu,Vanuatu,Vanuatu,Vanuatu,วานูวาตู,Вануату,瓦努阿图,萬那杜
862,ve,ven,فنزويلا,Венецуела,Venezuela,Venezuela,Venezuela,Βενεζουέλα,"Venezuela (Bolivarian Republic of)",Venezuelo,Venezuela,Venezuela,Venezuela,Venezuela,Venezuela,Venezuela,Venezuela,Վենեսուելա,Venezuela,ベネズエラ・ボリバル共和国,베네수엘라,Venesuela,Venezuela,Venezuela,Wenezuela,Venezuela,Venezuela,Венесуэла,Venezuela,Venezuela,Venecuela,Venezuela,เวเนซุเอลา,Венесуела,委内瑞拉,委內瑞拉
704,vn,vnm,فيتنام,Виетнам,Vietnam,Vietnam,Vietnam,Βιετνάμ,"Viet Nam",Vjetnamio,Vietnam,Vietnam,Vietnam,Vietnam,"Viêt Nam",Vijetnam,Vietnám,Վիետնամ,Vietnam,ベトナム,베트남,Vietnamas,Vietnam,Vietnam,Wietnam,Vietname,Vietnam,Вьетнам,Vietnam,Vietnam,Vijetnam,Vietnam,เวียดนาม,В'єтнам,越南,越南
887,ye,yem,اليمن,Йемен,Jemen,Yemen,Jemen,Υεμένη,Yemen,Jemeno,Yemen,Jeemen,Yemen,Jemen,Yémen,Jemen,Jemen,Եմեն,Yemen,イエメン,예멘,Jemenas,Jemen,Jemen,Jemen,Iêmen,Yemen,Йемен,Jemen,Jemen,Jemen,Jemen,เยเมน,Ємен,也门,葉門
894,zm,zmb,زامبيا,Замбия,Zambie,Zambia,Sambia,Ζάμπια,Zambia,Zambio,Zambia,Sambia,Zambia,Sambia,Zambie,Zambija,Zambia,Զամբիա,Zambia,ザンビア,잠비아,Zambija,Zambia,Zambia,Zambia,Zâmbia,Zambia,Замбия,Zambia,Zambija,Zambija,Zambia,แซมเบีย,Замбія,赞比亚,尚比亞
716,zw,zwe,زيمبابوي,Зимбабве,Zimbabwe,Zimbabwe,Simbabwe,Ζιμπάμπουε,Zimbabwe,Zimbabvo,Zimbabue,Zimbabwe,Zimbabwe,Zimbabwe,Zimbabwe,Zimbabve,Zimbabwe,Զիմբաբվե,Zimbabwe,ジンバブエ,짐바브웨,Zimbabvė,Zimbabwe,Zimbabwe,Zimbabwe,Zimbábue,Zimbabwe,Зимбабве,Zimbabwe,Zimbabve,Zimbabve,Zimbabwe,ซิมบับเว,Зімбабве,津巴布韦,辛巴威
