[{"id":352,"alpha2":"is","alpha3":"isl","name":"アイスランド"},
{"id":372,"alpha2":"ie","alpha3":"irl","name":"アイルランド"},
{"id":31,"alpha2":"az","alpha3":"aze","name":"アゼルバイジャン"},
{"id":4,"alpha2":"af","alpha3":"afg","name":"アフガニスタン"},
{"id":840,"alpha2":"us","alpha3":"usa","name":"アメリカ合衆国"},
{"id":850,"alpha2":"vi","alpha3":"vir","name":"アメリカ領ヴァージン諸島"},
{"id":16,"alpha2":"as","alpha3":"asm","name":"アメリカ領サモア"},
{"id":784,"alpha2":"ae","alpha3":"are","name":"アラブ首長国連邦"},
{"id":12,"alpha2":"dz","alpha3":"dza","name":"アルジェリア"},
{"id":32,"alpha2":"ar","alpha3":"arg","name":"アルゼンチン"},
{"id":533,"alpha2":"aw","alpha3":"abw","name":"アルバ"},
{"id":8,"alpha2":"al","alpha3":"alb","name":"アルバニア"},
{"id":51,"alpha2":"am","alpha3":"arm","name":"アルメニア"},
{"id":660,"alpha2":"ai","alpha3":"aia","name":"アンギラ"},
{"id":24,"alpha2":"ao","alpha3":"ago","name":"アンゴラ"},
{"id":28,"alpha2":"ag","alpha3":"atg","name":"アンティグア・バーブーダ"},
{"id":20,"alpha2":"ad","alpha3":"and","name":"アンドラ"},
{"id":887,"alpha2":"ye","alpha3":"yem","name":"イエメン"},
{"id":826,"alpha2":"gb","alpha3":"gbr","name":"イギリス"},
{"id":86,"alpha2":"io","alpha3":"iot","name":"イギリス領インド洋地域"},
{"id":92,"alpha2":"vg","alpha3":"vgb","name":"イギリス領ヴァージン諸島"},
{"id":376,"alpha2":"il","alpha3":"isr","name":"イスラエル"},
{"id":380,"alpha2":"it","alpha3":"ita","name":"イタリア"},
{"id":368,"alpha2":"iq","alpha3":"irq","name":"イラク"},
{"id":364,"alpha2":"ir","alpha3":"irn","name":"イラン・イスラム共和国"},
{"id":356,"alpha2":"in","alpha3":"ind","name":"インド"},
{"id":360,"alpha2":"id","alpha3":"idn","name":"インドネシア"},
{"id":876,"alpha2":"wf","alpha3":"wlf","name":"ウォリス・フツナ"},
{"id":800,"alpha2":"ug","alpha3":"uga","name":"ウガンダ"},
{"id":804,"alpha2":"ua","alpha3":"ukr","name":"ウクライナ"},
{"id":860,"alpha2":"uz","alpha3":"uzb","name":"ウズベキスタン"},
{"id":858,"alpha2":"uy","alpha3":"ury","name":"ウルグアイ"},
{"id":218,"alpha2":"ec","alpha3":"ecu","name":"エクアドル"},
{"id":818,"alpha2":"eg","alpha3":"egy","name":"エジプト"},
{"id":233,"alpha2":"ee","alpha3":"est","name":"エストニア"},
{"id":748,"alpha2":"sz","alpha3":"swz","name":"エスワティニ"},
{"id":231,"alpha2":"et","alpha3":"eth","name":"エチオピア"},
{"id":232,"alpha2":"er","alpha3":"eri","name":"エリトリア"},
{"id":222,"alpha2":"sv","alpha3":"slv","name":"エルサルバドル"},
{"id":36,"alpha2":"au","alpha3":"aus","name":"オーストラリア"},
{"id":40,"alpha2":"at","alpha3":"aut","name":"オーストリア"},
{"id":248,"alpha2":"ax","alpha3":"ala","name":"オーランド諸島"},
{"id":512,"alpha2":"om","alpha3":"omn","name":"オマーン"},
{"id":528,"alpha2":"nl","alpha3":"nld","name":"オランダ"},
{"id":288,"alpha2":"gh","alpha3":"gha","name":"ガーナ"},
{"id":132,"alpha2":"cv","alpha3":"cpv","name":"カーボベルデ"},
{"id":831,"alpha2":"gg","alpha3":"ggy","name":"ガーンジー"},
{"id":328,"alpha2":"gy","alpha3":"guy","name":"ガイアナ"},
{"id":398,"alpha2":"kz","alpha3":"kaz","name":"カザフスタン"},
{"id":634,"alpha2":"qa","alpha3":"qat","name":"カタール"},
{"id":581,"alpha2":"um","alpha3":"umi","name":"合衆国領有小離島"},
{"id":124,"alpha2":"ca","alpha3":"can","name":"カナダ"},
{"id":266,"alpha2":"ga","alpha3":"gab","name":"ガボン"},
{"id":120,"alpha2":"cm","alpha3":"cmr","name":"カメルーン"},
{"id":270,"alpha2":"gm","alpha3":"gmb","name":"ガンビア"},
{"id":116,"alpha2":"kh","alpha3":"khm","name":"カンボジア"},
{"id":807,"alpha2":"mk","alpha3":"mkd","name":"北マケドニア"},
{"id":580,"alpha2":"mp","alpha3":"mnp","name":"北マリアナ諸島"},
{"id":324,"alpha2":"gn","alpha3":"gin","name":"ギニア"},
{"id":624,"alpha2":"gw","alpha3":"gnb","name":"ギニアビサウ"},
{"id":196,"alpha2":"cy","alpha3":"cyp","name":"キプロス"},
{"id":192,"alpha2":"cu","alpha3":"cub","name":"キューバ"},
{"id":531,"alpha2":"cw","alpha3":"cuw","name":"キュラソー"},
{"id":300,"alpha2":"gr","alpha3":"grc","name":"ギリシャ"},
{"id":296,"alpha2":"ki","alpha3":"kir","name":"キリバス"},
{"id":417,"alpha2":"kg","alpha3":"kgz","name":"キルギス"},
{"id":320,"alpha2":"gt","alpha3":"gtm","name":"グアテマラ"},
{"id":312,"alpha2":"gp","alpha3":"glp","name":"グアドループ"},
{"id":316,"alpha2":"gu","alpha3":"gum","name":"グアム"},
{"id":414,"alpha2":"kw","alpha3":"kwt","name":"クウェート"},
{"id":184,"alpha2":"ck","alpha3":"cok","name":"クック諸島"},
{"id":304,"alpha2":"gl","alpha3":"grl","name":"グリーンランド"},
{"id":162,"alpha2":"cx","alpha3":"cxr","name":"クリスマス島"},
{"id":308,"alpha2":"gd","alpha3":"grd","name":"グレナダ"},
{"id":191,"alpha2":"hr","alpha3":"hrv","name":"クロアチア"},
{"id":136,"alpha2":"ky","alpha3":"cym","name":"ケイマン諸島"},
{"id":404,"alpha2":"ke","alpha3":"ken","name":"ケニア"},
{"id":384,"alpha2":"ci","alpha3":"civ","name":"コートジボワール"},
{"id":166,"alpha2":"cc","alpha3":"cck","name":"ココス（キーリング）諸島"},
{"id":188,"alpha2":"cr","alpha3":"cri","name":"コスタリカ"},
{"id":174,"alpha2":"km","alpha3":"com","name":"コモロ"},
{"id":170,"alpha2":"co","alpha3":"col","name":"コロンビア"},
{"id":178,"alpha2":"cg","alpha3":"cog","name":"コンゴ共和国"},
{"id":180,"alpha2":"cd","alpha3":"cod","name":"コンゴ民主共和国"},
{"id":682,"alpha2":"sa","alpha3":"sau","name":"サウジアラビア"},
{"id":239,"alpha2":"gs","alpha3":"sgs","name":"サウスジョージア・サウスサンドウィッチ諸島"},
{"id":882,"alpha2":"ws","alpha3":"wsm","name":"サモア"},
{"id":678,"alpha2":"st","alpha3":"stp","name":"サントメ・プリンシペ"},
{"id":652,"alpha2":"bl","alpha3":"blm","name":"サン・バルテルミー"},
{"id":894,"alpha2":"zm","alpha3":"zmb","name":"ザンビア"},
{"id":666,"alpha2":"pm","alpha3":"spm","name":"サンピエール島・ミクロン島"},
{"id":674,"alpha2":"sm","alpha3":"smr","name":"サンマリノ"},
{"id":663,"alpha2":"mf","alpha3":"maf","name":"サン・マルタン（フランス領）"},
{"id":694,"alpha2":"sl","alpha3":"sle","name":"シエラレオネ"},
{"id":262,"alpha2":"dj","alpha3":"dji","name":"ジブチ"},
{"id":292,"alpha2":"gi","alpha3":"gib","name":"ジブラルタル"},
{"id":832,"alpha2":"je","alpha3":"jey","name":"ジャージー"},
{"id":388,"alpha2":"jm","alpha3":"jam","name":"ジャマイカ"},
{"id":268,"alpha2":"ge","alpha3":"geo","name":"ジョージア"},
{"id":760,"alpha2":"sy","alpha3":"syr","name":"シリア・アラブ共和国"},
{"id":702,"alpha2":"sg","alpha3":"sgp","name":"シンガポール"},
{"id":534,"alpha2":"sx","alpha3":"sxm","name":"シント・マールテン（オランダ領）"},
{"id":716,"alpha2":"zw","alpha3":"zwe","name":"ジンバブエ"},
{"id":756,"alpha2":"ch","alpha3":"che","name":"スイス"},
{"id":752,"alpha2":"se","alpha3":"swe","name":"スウェーデン"},
{"id":729,"alpha2":"sd","alpha3":"sdn","name":"スーダン"},
{"id":744,"alpha2":"sj","alpha3":"sjm","name":"スヴァールバル諸島およびヤンマイエン島"},
{"id":724,"alpha2":"es","alpha3":"esp","name":"スペイン"},
{"id":740,"alpha2":"sr","alpha3":"sur","name":"スリナム"},
{"id":144,"alpha2":"lk","alpha3":"lka","name":"スリランカ"},
{"id":703,"alpha2":"sk","alpha3":"svk","name":"スロバキア"},
{"id":705,"alpha2":"si","alpha3":"svn","name":"スロベニア"},
{"id":690,"alpha2":"sc","alpha3":"syc","name":"セーシェル"},
{"id":226,"alpha2":"gq","alpha3":"gnq","name":"赤道ギニア"},
{"id":686,"alpha2":"sn","alpha3":"sen","name":"セネガル"},
{"id":688,"alpha2":"rs","alpha3":"srb","name":"セルビア"},
{"id":659,"alpha2":"kn","alpha3":"kna","name":"セントクリストファー・ネイビス"},
{"id":670,"alpha2":"vc","alpha3":"vct","name":"セントビンセントおよびグレナディーン諸島"},
{"id":654,"alpha2":"sh","alpha3":"shn","name":"セントヘレナ・アセンションおよびトリスタンダクーニャ"},
{"id":662,"alpha2":"lc","alpha3":"lca","name":"セントルシア"},
{"id":706,"alpha2":"so","alpha3":"som","name":"ソマリア"},
{"id":90,"alpha2":"sb","alpha3":"slb","name":"ソロモン諸島"},
{"id":796,"alpha2":"tc","alpha3":"tca","name":"タークス・カイコス諸島"},
{"id":764,"alpha2":"th","alpha3":"tha","name":"タイ"},
{"id":410,"alpha2":"kr","alpha3":"kor","name":"大韓民国"},
{"id":158,"alpha2":"tw","alpha3":"twn","name":"台湾（中華民国）"},
{"id":762,"alpha2":"tj","alpha3":"tjk","name":"タジキスタン"},
{"id":834,"alpha2":"tz","alpha3":"tza","name":"タンザニア"},
{"id":203,"alpha2":"cz","alpha3":"cze","name":"チェコ"},
{"id":148,"alpha2":"td","alpha3":"tcd","name":"チャド"},
{"id":140,"alpha2":"cf","alpha3":"caf","name":"中央アフリカ共和国"},
{"id":156,"alpha2":"cn","alpha3":"chn","name":"中華人民共和国"},
{"id":788,"alpha2":"tn","alpha3":"tun","name":"チュニジア"},
{"id":408,"alpha2":"kp","alpha3":"prk","name":"朝鮮民主主義人民共和国"},
{"id":152,"alpha2":"cl","alpha3":"chl","name":"チリ"},
{"id":798,"alpha2":"tv","alpha3":"tuv","name":"ツバル"},
{"id":208,"alpha2":"dk","alpha3":"dnk","name":"デンマーク"},
{"id":276,"alpha2":"de","alpha3":"deu","name":"ドイツ"},
{"id":768,"alpha2":"tg","alpha3":"tgo","name":"トーゴ"},
{"id":772,"alpha2":"tk","alpha3":"tkl","name":"トケラウ"},
{"id":214,"alpha2":"do","alpha3":"dom","name":"ドミニカ共和国"},
{"id":212,"alpha2":"dm","alpha3":"dma","name":"ドミニカ国"},
{"id":780,"alpha2":"tt","alpha3":"tto","name":"トリニダード・トバゴ"},
{"id":795,"alpha2":"tm","alpha3":"tkm","name":"トルクメニスタン"},
{"id":792,"alpha2":"tr","alpha3":"tur","name":"トルコ"},
{"id":776,"alpha2":"to","alpha3":"ton","name":"トンガ"},
{"id":566,"alpha2":"ng","alpha3":"nga","name":"ナイジェリア"},
{"id":520,"alpha2":"nr","alpha3":"nru","name":"ナウル"},
{"id":516,"alpha2":"na","alpha3":"nam","name":"ナミビア"},
{"id":10,"alpha2":"aq","alpha3":"ata","name":"南極"},
{"id":570,"alpha2":"nu","alpha3":"niu","name":"ニウエ"},
{"id":558,"alpha2":"ni","alpha3":"nic","name":"ニカラグア"},
{"id":562,"alpha2":"ne","alpha3":"ner","name":"ニジェール"},
{"id":392,"alpha2":"jp","alpha3":"jpn","name":"日本"},
{"id":732,"alpha2":"eh","alpha3":"esh","name":"西サハラ"},
{"id":540,"alpha2":"nc","alpha3":"ncl","name":"ニューカレドニア"},
{"id":554,"alpha2":"nz","alpha3":"nzl","name":"ニュージーランド"},
{"id":524,"alpha2":"np","alpha3":"npl","name":"ネパール"},
{"id":574,"alpha2":"nf","alpha3":"nfk","name":"ノーフォーク島"},
{"id":578,"alpha2":"no","alpha3":"nor","name":"ノルウェー"},
{"id":334,"alpha2":"hm","alpha3":"hmd","name":"ハード島とマクドナルド諸島"},
{"id":48,"alpha2":"bh","alpha3":"bhr","name":"バーレーン"},
{"id":332,"alpha2":"ht","alpha3":"hti","name":"ハイチ"},
{"id":586,"alpha2":"pk","alpha3":"pak","name":"パキスタン"},
{"id":336,"alpha2":"va","alpha3":"vat","name":"バチカン市国"},
{"id":591,"alpha2":"pa","alpha3":"pan","name":"パナマ"},
{"id":548,"alpha2":"vu","alpha3":"vut","name":"バヌアツ"},
{"id":44,"alpha2":"bs","alpha3":"bhs","name":"バハマ"},
{"id":598,"alpha2":"pg","alpha3":"png","name":"パプアニューギニア"},
{"id":60,"alpha2":"bm","alpha3":"bmu","name":"バミューダ"},
{"id":585,"alpha2":"pw","alpha3":"plw","name":"パラオ"},
{"id":600,"alpha2":"py","alpha3":"pry","name":"パラグアイ"},
{"id":52,"alpha2":"bb","alpha3":"brb","name":"バルバドス"},
{"id":275,"alpha2":"ps","alpha3":"pse","name":"パレスチナ"},
{"id":348,"alpha2":"hu","alpha3":"hun","name":"ハンガリー"},
{"id":50,"alpha2":"bd","alpha3":"bgd","name":"バングラデシュ"},
{"id":626,"alpha2":"tl","alpha3":"tls","name":"東ティモール"},
{"id":612,"alpha2":"pn","alpha3":"pcn","name":"ピトケアン"},
{"id":242,"alpha2":"fj","alpha3":"fji","name":"フィジー"},
{"id":608,"alpha2":"ph","alpha3":"phl","name":"フィリピン"},
{"id":246,"alpha2":"fi","alpha3":"fin","name":"フィンランド"},
{"id":64,"alpha2":"bt","alpha3":"btn","name":"ブータン"},
{"id":74,"alpha2":"bv","alpha3":"bvt","name":"ブーベ島"},
{"id":630,"alpha2":"pr","alpha3":"pri","name":"プエルトリコ"},
{"id":234,"alpha2":"fo","alpha3":"fro","name":"フェロー諸島"},
{"id":238,"alpha2":"fk","alpha3":"flk","name":"フォークランド（マルビナス）諸島"},
{"id":76,"alpha2":"br","alpha3":"bra","name":"ブラジル"},
{"id":250,"alpha2":"fr","alpha3":"fra","name":"フランス"},
{"id":254,"alpha2":"gf","alpha3":"guf","name":"フランス領ギアナ"},
{"id":258,"alpha2":"pf","alpha3":"pyf","name":"フランス領ポリネシア"},
{"id":260,"alpha2":"tf","alpha3":"atf","name":"フランス領南方・南極地域"},
{"id":100,"alpha2":"bg","alpha3":"bgr","name":"ブルガリア"},
{"id":854,"alpha2":"bf","alpha3":"bfa","name":"ブルキナファソ"},
{"id":96,"alpha2":"bn","alpha3":"brn","name":"ブルネイ・ダルサラーム"},
{"id":108,"alpha2":"bi","alpha3":"bdi","name":"ブルンジ"},
{"id":704,"alpha2":"vn","alpha3":"vnm","name":"ベトナム"},
{"id":204,"alpha2":"bj","alpha3":"ben","name":"ベナン"},
{"id":862,"alpha2":"ve","alpha3":"ven","name":"ベネズエラ・ボリバル共和国"},
{"id":112,"alpha2":"by","alpha3":"blr","name":"ベラルーシ"},
{"id":84,"alpha2":"bz","alpha3":"blz","name":"ベリーズ"},
{"id":604,"alpha2":"pe","alpha3":"per","name":"ペルー"},
{"id":56,"alpha2":"be","alpha3":"bel","name":"ベルギー"},
{"id":616,"alpha2":"pl","alpha3":"pol","name":"ポーランド"},
{"id":70,"alpha2":"ba","alpha3":"bih","name":"ボスニア・ヘルツェゴビナ"},
{"id":72,"alpha2":"bw","alpha3":"bwa","name":"ボツワナ"},
{"id":535,"alpha2":"bq","alpha3":"bes","name":"ボネール、シント・ユースタティウスおよびサバ"},
{"id":68,"alpha2":"bo","alpha3":"bol","name":"ボリビア多民族国"},
{"id":620,"alpha2":"pt","alpha3":"prt","name":"ポルトガル"},
{"id":344,"alpha2":"hk","alpha3":"hkg","name":"香港"},
{"id":340,"alpha2":"hn","alpha3":"hnd","name":"ホンジュラス"},
{"id":584,"alpha2":"mh","alpha3":"mhl","name":"マーシャル諸島"},
{"id":446,"alpha2":"mo","alpha3":"mac","name":"マカオ"},
{"id":450,"alpha2":"mg","alpha3":"mdg","name":"マダガスカル"},
{"id":175,"alpha2":"yt","alpha3":"myt","name":"マヨット"},
{"id":454,"alpha2":"mw","alpha3":"mwi","name":"マラウイ"},
{"id":466,"alpha2":"ml","alpha3":"mli","name":"マリ"},
{"id":470,"alpha2":"mt","alpha3":"mlt","name":"マルタ"},
{"id":474,"alpha2":"mq","alpha3":"mtq","name":"マルティニーク"},
{"id":458,"alpha2":"my","alpha3":"mys","name":"マレーシア"},
{"id":833,"alpha2":"im","alpha3":"imn","name":"マン島"},
{"id":583,"alpha2":"fm","alpha3":"fsm","name":"ミクロネシア連邦"},
{"id":710,"alpha2":"za","alpha3":"zaf","name":"南アフリカ"},
{"id":728,"alpha2":"ss","alpha3":"ssd","name":"南スーダン"},
{"id":104,"alpha2":"mm","alpha3":"mmr","name":"ミャンマー"},
{"id":484,"alpha2":"mx","alpha3":"mex","name":"メキシコ"},
{"id":480,"alpha2":"mu","alpha3":"mus","name":"モーリシャス"},
{"id":478,"alpha2":"mr","alpha3":"mrt","name":"モーリタニア"},
{"id":508,"alpha2":"mz","alpha3":"moz","name":"モザンビーク"},
{"id":492,"alpha2":"mc","alpha3":"mco","name":"モナコ"},
{"id":462,"alpha2":"mv","alpha3":"mdv","name":"モルディブ"},
{"id":498,"alpha2":"md","alpha3":"mda","name":"モルドバ共和国"},
{"id":504,"alpha2":"ma","alpha3":"mar","name":"モロッコ"},
{"id":496,"alpha2":"mn","alpha3":"mng","name":"モンゴル"},
{"id":499,"alpha2":"me","alpha3":"mne","name":"モンテネグロ"},
{"id":500,"alpha2":"ms","alpha3":"msr","name":"モントセラト"},
{"id":400,"alpha2":"jo","alpha3":"jor","name":"ヨルダン"},
{"id":418,"alpha2":"la","alpha3":"lao","name":"ラオス人民民主共和国"},
{"id":428,"alpha2":"lv","alpha3":"lva","name":"ラトビア"},
{"id":440,"alpha2":"lt","alpha3":"ltu","name":"リトアニア"},
{"id":434,"alpha2":"ly","alpha3":"lby","name":"リビア"},
{"id":438,"alpha2":"li","alpha3":"lie","name":"リヒテンシュタイン"},
{"id":430,"alpha2":"lr","alpha3":"lbr","name":"リベリア"},
{"id":642,"alpha2":"ro","alpha3":"rou","name":"ルーマニア"},
{"id":442,"alpha2":"lu","alpha3":"lux","name":"ルクセンブルク"},
{"id":646,"alpha2":"rw","alpha3":"rwa","name":"ルワンダ"},
{"id":426,"alpha2":"ls","alpha3":"lso","name":"レソト"},
{"id":422,"alpha2":"lb","alpha3":"lbn","name":"レバノン"},
{"id":638,"alpha2":"re","alpha3":"reu","name":"レユニオン"},
{"id":643,"alpha2":"ru","alpha3":"rus","name":"ロシア連邦"}]