<?xml version="1.0" encoding="UTF-8"?>
<countries>
    <country id="4" alpha2="af" alpha3="afg" name="Afganistan"/>
    <country id="528" alpha2="nl" alpha3="nld" name="Alankomaat"/>
    <country id="8" alpha2="al" alpha3="alb" name="Albania"/>
    <country id="12" alpha2="dz" alpha3="dza" name="Algeria"/>
    <country id="20" alpha2="ad" alpha3="and" name="Andorra"/>
    <country id="24" alpha2="ao" alpha3="ago" name="Angola"/>
    <country id="28" alpha2="ag" alpha3="atg" name="Antigua ja Barbuda"/>
    <country id="784" alpha2="ae" alpha3="are" name="Arabiemiirikunnat"/>
    <country id="32" alpha2="ar" alpha3="arg" name="Argentiina"/>
    <country id="51" alpha2="am" alpha3="arm" name="Armenia"/>
    <country id="36" alpha2="au" alpha3="aus" name="Australia"/>
    <country id="31" alpha2="az" alpha3="aze" name="Azerbaidžan"/>
    <country id="44" alpha2="bs" alpha3="bhs" name="Bahama"/>
    <country id="48" alpha2="bh" alpha3="bhr" name="Bahrain"/>
    <country id="50" alpha2="bd" alpha3="bgd" name="Bangladesh"/>
    <country id="52" alpha2="bb" alpha3="brb" name="Barbados"/>
    <country id="56" alpha2="be" alpha3="bel" name="Belgia"/>
    <country id="84" alpha2="bz" alpha3="blz" name="Belize"/>
    <country id="204" alpha2="bj" alpha3="ben" name="Benin"/>
    <country id="64" alpha2="bt" alpha3="btn" name="Bhutan"/>
    <country id="68" alpha2="bo" alpha3="bol" name="Bolivia"/>
    <country id="70" alpha2="ba" alpha3="bih" name="Bosnia ja Hertsegovina"/>
    <country id="72" alpha2="bw" alpha3="bwa" name="Botswana"/>
    <country id="76" alpha2="br" alpha3="bra" name="Brasilia"/>
    <country id="96" alpha2="bn" alpha3="brn" name="Brunei"/>
    <country id="100" alpha2="bg" alpha3="bgr" name="Bulgaria"/>
    <country id="854" alpha2="bf" alpha3="bfa" name="Burkina Faso"/>
    <country id="108" alpha2="bi" alpha3="bdi" name="Burundi"/>
    <country id="152" alpha2="cl" alpha3="chl" name="Chile"/>
    <country id="188" alpha2="cr" alpha3="cri" name="Costa Rica"/>
    <country id="262" alpha2="dj" alpha3="dji" name="Djibouti"/>
    <country id="212" alpha2="dm" alpha3="dma" name="Dominica"/>
    <country id="214" alpha2="do" alpha3="dom" name="Dominikaaninen tasavalta"/>
    <country id="218" alpha2="ec" alpha3="ecu" name="Ecuador"/>
    <country id="818" alpha2="eg" alpha3="egy" name="Egypti"/>
    <country id="222" alpha2="sv" alpha3="slv" name="El Salvador"/>
    <country id="232" alpha2="er" alpha3="eri" name="Eritrea"/>
    <country id="724" alpha2="es" alpha3="esp" name="Espanja"/>
    <country id="231" alpha2="et" alpha3="eth" name="Etiopia"/>
    <country id="710" alpha2="za" alpha3="zaf" name="Etelä-Afrikka"/>
    <country id="728" alpha2="ss" alpha3="ssd" name="Etelä-Sudan"/>
    <country id="242" alpha2="fj" alpha3="fji" name="Fidži"/>
    <country id="608" alpha2="ph" alpha3="phl" name="Filippiinit"/>
    <country id="266" alpha2="ga" alpha3="gab" name="Gabon"/>
    <country id="270" alpha2="gm" alpha3="gmb" name="Gambia"/>
    <country id="268" alpha2="ge" alpha3="geo" name="Georgia"/>
    <country id="288" alpha2="gh" alpha3="gha" name="Ghana"/>
    <country id="308" alpha2="gd" alpha3="grd" name="Grenada"/>
    <country id="320" alpha2="gt" alpha3="gtm" name="Guatemala"/>
    <country id="324" alpha2="gn" alpha3="gin" name="Guinea"/>
    <country id="624" alpha2="gw" alpha3="gnb" name="Guinea-Bissau"/>
    <country id="328" alpha2="gy" alpha3="guy" name="Guyana"/>
    <country id="332" alpha2="ht" alpha3="hti" name="Haiti"/>
    <country id="340" alpha2="hn" alpha3="hnd" name="Honduras"/>
    <country id="360" alpha2="id" alpha3="idn" name="Indonesia"/>
    <country id="356" alpha2="in" alpha3="ind" name="Intia"/>
    <country id="368" alpha2="iq" alpha3="irq" name="Irak"/>
    <country id="364" alpha2="ir" alpha3="irn" name="Iran"/>
    <country id="372" alpha2="ie" alpha3="irl" name="Irlanti"/>
    <country id="352" alpha2="is" alpha3="isl" name="Islanti"/>
    <country id="376" alpha2="il" alpha3="isr" name="Israel"/>
    <country id="380" alpha2="it" alpha3="ita" name="Italia"/>
    <country id="626" alpha2="tl" alpha3="tls" name="Itä-Timor"/>
    <country id="40" alpha2="at" alpha3="aut" name="Itävalta"/>
    <country id="388" alpha2="jm" alpha3="jam" name="Jamaika"/>
    <country id="392" alpha2="jp" alpha3="jpn" name="Japani"/>
    <country id="887" alpha2="ye" alpha3="yem" name="Jemen"/>
    <country id="400" alpha2="jo" alpha3="jor" name="Jordania"/>
    <country id="116" alpha2="kh" alpha3="khm" name="Kambodža"/>
    <country id="120" alpha2="cm" alpha3="cmr" name="Kamerun"/>
    <country id="124" alpha2="ca" alpha3="can" name="Kanada"/>
    <country id="132" alpha2="cv" alpha3="cpv" name="Kap Verde"/>
    <country id="398" alpha2="kz" alpha3="kaz" name="Kazakstan"/>
    <country id="404" alpha2="ke" alpha3="ken" name="Kenia"/>
    <country id="140" alpha2="cf" alpha3="caf" name="Keski-Afrikan tasavalta"/>
    <country id="156" alpha2="cn" alpha3="chn" name="Kiina"/>
    <country id="417" alpha2="kg" alpha3="kgz" name="Kirgisia"/>
    <country id="296" alpha2="ki" alpha3="kir" name="Kiribati"/>
    <country id="170" alpha2="co" alpha3="col" name="Kolumbia"/>
    <country id="174" alpha2="km" alpha3="com" name="Komorit"/>
    <country id="180" alpha2="cd" alpha3="cod" name="Kongon demokraattinen tasavalta"/>
    <country id="178" alpha2="cg" alpha3="cog" name="Kongon tasavalta"/>
    <country id="408" alpha2="kp" alpha3="prk" name="Korean demokraattinen kansantasavalta"/>
    <country id="410" alpha2="kr" alpha3="kor" name="Korean tasavalta"/>
    <country id="300" alpha2="gr" alpha3="grc" name="Kreikka"/>
    <country id="191" alpha2="hr" alpha3="hrv" name="Kroatia"/>
    <country id="192" alpha2="cu" alpha3="cub" name="Kuuba"/>
    <country id="414" alpha2="kw" alpha3="kwt" name="Kuwait"/>
    <country id="196" alpha2="cy" alpha3="cyp" name="Kypros"/>
    <country id="418" alpha2="la" alpha3="lao" name="Laos"/>
    <country id="428" alpha2="lv" alpha3="lva" name="Latvia"/>
    <country id="426" alpha2="ls" alpha3="lso" name="Lesotho"/>
    <country id="422" alpha2="lb" alpha3="lbn" name="Libanon"/>
    <country id="430" alpha2="lr" alpha3="lbr" name="Liberia"/>
    <country id="434" alpha2="ly" alpha3="lby" name="Libya"/>
    <country id="438" alpha2="li" alpha3="lie" name="Liechtenstein"/>
    <country id="440" alpha2="lt" alpha3="ltu" name="Liettua"/>
    <country id="442" alpha2="lu" alpha3="lux" name="Luxemburg"/>
    <country id="450" alpha2="mg" alpha3="mdg" name="Madagaskar"/>
    <country id="454" alpha2="mw" alpha3="mwi" name="Malawi"/>
    <country id="462" alpha2="mv" alpha3="mdv" name="Malediivit"/>
    <country id="458" alpha2="my" alpha3="mys" name="Malesia"/>
    <country id="466" alpha2="ml" alpha3="mli" name="Mali"/>
    <country id="470" alpha2="mt" alpha3="mlt" name="Malta"/>
    <country id="504" alpha2="ma" alpha3="mar" name="Marokko"/>
    <country id="584" alpha2="mh" alpha3="mhl" name="Marshallinsaaret"/>
    <country id="478" alpha2="mr" alpha3="mrt" name="Mauritania"/>
    <country id="480" alpha2="mu" alpha3="mus" name="Mauritius"/>
    <country id="484" alpha2="mx" alpha3="mex" name="Meksiko"/>
    <country id="583" alpha2="fm" alpha3="fsm" name="Mikronesian liittovaltio"/>
    <country id="498" alpha2="md" alpha3="mda" name="Moldova"/>
    <country id="492" alpha2="mc" alpha3="mco" name="Monaco"/>
    <country id="496" alpha2="mn" alpha3="mng" name="Mongolia"/>
    <country id="499" alpha2="me" alpha3="mne" name="Montenegro"/>
    <country id="508" alpha2="mz" alpha3="moz" name="Mosambik"/>
    <country id="104" alpha2="mm" alpha3="mmr" name="Myanmar"/>
    <country id="516" alpha2="na" alpha3="nam" name="Namibia"/>
    <country id="520" alpha2="nr" alpha3="nru" name="Nauru"/>
    <country id="524" alpha2="np" alpha3="npl" name="Nepal"/>
    <country id="558" alpha2="ni" alpha3="nic" name="Nicaragua"/>
    <country id="562" alpha2="ne" alpha3="ner" name="Niger"/>
    <country id="566" alpha2="ng" alpha3="nga" name="Nigeria"/>
    <country id="578" alpha2="no" alpha3="nor" name="Norja"/>
    <country id="384" alpha2="ci" alpha3="civ" name="Norsunluurannikko"/>
    <country id="512" alpha2="om" alpha3="omn" name="Oman"/>
    <country id="586" alpha2="pk" alpha3="pak" name="Pakistan"/>
    <country id="585" alpha2="pw" alpha3="plw" name="Palau"/>
    <country id="591" alpha2="pa" alpha3="pan" name="Panama"/>
    <country id="598" alpha2="pg" alpha3="png" name="Papua-Uusi-Guinea"/>
    <country id="600" alpha2="py" alpha3="pry" name="Paraguay"/>
    <country id="604" alpha2="pe" alpha3="per" name="Peru"/>
    <country id="807" alpha2="mk" alpha3="mkd" name="Pohjois-Makedonia"/>
    <country id="620" alpha2="pt" alpha3="prt" name="Portugali"/>
    <country id="616" alpha2="pl" alpha3="pol" name="Puola"/>
    <country id="226" alpha2="gq" alpha3="gnq" name="Päiväntasaajan Guinea"/>
    <country id="634" alpha2="qa" alpha3="qat" name="Qatar"/>
    <country id="250" alpha2="fr" alpha3="fra" name="Ranska"/>
    <country id="642" alpha2="ro" alpha3="rou" name="Romania"/>
    <country id="646" alpha2="rw" alpha3="rwa" name="Ruanda"/>
    <country id="752" alpha2="se" alpha3="swe" name="Ruotsi"/>
    <country id="659" alpha2="kn" alpha3="kna" name="Saint Kitts ja Nevis"/>
    <country id="662" alpha2="lc" alpha3="lca" name="Saint Lucia"/>
    <country id="670" alpha2="vc" alpha3="vct" name="Saint Vincent ja Grenadiinit"/>
    <country id="276" alpha2="de" alpha3="deu" name="Saksa"/>
    <country id="90" alpha2="sb" alpha3="slb" name="Salomonsaaret"/>
    <country id="894" alpha2="zm" alpha3="zmb" name="Sambia"/>
    <country id="882" alpha2="ws" alpha3="wsm" name="Samoa"/>
    <country id="674" alpha2="sm" alpha3="smr" name="San Marino"/>
    <country id="678" alpha2="st" alpha3="stp" name="São Tomé ja Príncipe"/>
    <country id="682" alpha2="sa" alpha3="sau" name="Saudi-Arabia"/>
    <country id="686" alpha2="sn" alpha3="sen" name="Senegal"/>
    <country id="688" alpha2="rs" alpha3="srb" name="Serbia"/>
    <country id="690" alpha2="sc" alpha3="syc" name="Seychellit"/>
    <country id="694" alpha2="sl" alpha3="sle" name="Sierra Leone"/>
    <country id="702" alpha2="sg" alpha3="sgp" name="Singapore"/>
    <country id="703" alpha2="sk" alpha3="svk" name="Slovakia"/>
    <country id="705" alpha2="si" alpha3="svn" name="Slovenia"/>
    <country id="706" alpha2="so" alpha3="som" name="Somalia"/>
    <country id="144" alpha2="lk" alpha3="lka" name="Sri Lanka"/>
    <country id="729" alpha2="sd" alpha3="sdn" name="Sudan"/>
    <country id="246" alpha2="fi" alpha3="fin" name="Suomi"/>
    <country id="740" alpha2="sr" alpha3="sur" name="Suriname"/>
    <country id="748" alpha2="sz" alpha3="swz" name="Swazimaa"/>
    <country id="756" alpha2="ch" alpha3="che" name="Sveitsi"/>
    <country id="760" alpha2="sy" alpha3="syr" name="Syyria"/>
    <country id="762" alpha2="tj" alpha3="tjk" name="Tadžikistan"/>
    <country id="834" alpha2="tz" alpha3="tza" name="Tansania"/>
    <country id="208" alpha2="dk" alpha3="dnk" name="Tanska"/>
    <country id="764" alpha2="th" alpha3="tha" name="Thaimaa"/>
    <country id="768" alpha2="tg" alpha3="tgo" name="Togo"/>
    <country id="776" alpha2="to" alpha3="ton" name="Tonga"/>
    <country id="780" alpha2="tt" alpha3="tto" name="Trinidad ja Tobago"/>
    <country id="148" alpha2="td" alpha3="tcd" name="Tšad"/>
    <country id="203" alpha2="cz" alpha3="cze" name="Tšekki"/>
    <country id="788" alpha2="tn" alpha3="tun" name="Tunisia"/>
    <country id="792" alpha2="tr" alpha3="tur" name="Turkki"/>
    <country id="795" alpha2="tm" alpha3="tkm" name="Turkmenistan"/>
    <country id="798" alpha2="tv" alpha3="tuv" name="Tuvalu"/>
    <country id="800" alpha2="ug" alpha3="uga" name="Uganda"/>
    <country id="804" alpha2="ua" alpha3="ukr" name="Ukraina"/>
    <country id="348" alpha2="hu" alpha3="hun" name="Unkari"/>
    <country id="858" alpha2="uy" alpha3="ury" name="Uruguay"/>
    <country id="554" alpha2="nz" alpha3="nzl" name="Uusi-Seelanti"/>
    <country id="860" alpha2="uz" alpha3="uzb" name="Uzbekistan"/>
    <country id="112" alpha2="by" alpha3="blr" name="Valko-Venäjä"/>
    <country id="548" alpha2="vu" alpha3="vut" name="Vanuatu"/>
    <country id="862" alpha2="ve" alpha3="ven" name="Venezuela"/>
    <country id="643" alpha2="ru" alpha3="rus" name="Venäjä"/>
    <country id="704" alpha2="vn" alpha3="vnm" name="Vietnam"/>
    <country id="233" alpha2="ee" alpha3="est" name="Viro"/>
    <country id="826" alpha2="gb" alpha3="gbr" name="Yhdistynyt kuningaskunta"/>
    <country id="840" alpha2="us" alpha3="usa" name="Yhdysvallat"/>
    <country id="716" alpha2="zw" alpha3="zwe" name="Zimbabwe"/>
</countries>
