id,alpha2,alpha3,name
36,au,aus,Австралия
40,at,aut,Австрия
31,az,aze,Азербайджан
8,al,alb,Албания
12,dz,dza,Алжир
16,as,asm,"Американска Самоа"
850,vi,vir,"Американски Вирджински острови"
660,ai,aia,Ангила
24,ao,ago,Ангола
20,ad,and,Андора
10,aq,ata,Антарктида
28,ag,atg,"Антигуа и Барбуда"
32,ar,arg,Аржентина
51,am,arm,Армения
533,aw,abw,Аруба
4,af,afg,Афганистан
50,bd,bgd,Бангладеш
52,bb,brb,Барбадос
44,bs,bhs,"Бахамски острови"
48,bh,bhr,Бахрейн
112,by,blr,Беларус
56,be,bel,Белгия
84,bz,blz,Белиз
204,bj,ben,Бенин
60,bm,bmu,"Бермудски острови"
68,bo,bol,Боливия
70,ba,bih,"Босна и Херцеговина"
72,bw,bwa,Ботсвана
76,br,bra,Бразилия
86,io,iot,"Британска индоокеанска територия"
92,vg,vgb,"Британски Вирджински острови"
96,bn,brn,Бруней
74,bv,bvt,Буве
854,bf,bfa,"Буркина Фасо"
108,bi,bdi,Бурунди
64,bt,btn,Бутан
100,bg,bgr,България
548,vu,vut,Вануату
336,va,vat,Ватикан
826,gb,gbr,Великобритания
862,ve,ven,Венецуела
704,vn,vnm,Виетнам
266,ga,gab,Габон
270,gm,gmb,Гамбия
288,gh,gha,Гана
312,gp,glp,Гваделупа
320,gt,gtm,Гватемала
328,gy,guy,Гвиана
324,gn,gin,Гвинея
624,gw,gnb,Гвинея-Бисау
276,de,deu,Германия
292,gi,gib,Гибралтар
308,gd,grd,Гренада
304,gl,grl,Гренландия
268,ge,geo,Грузия
316,gu,gum,Гуам
831,gg,ggy,Гърнси
300,gr,grc,Гърция
208,dk,dnk,Дания
180,cd,cod,"Демократична република Конго"
262,dj,dji,Джибути
832,je,jey,Джърси
212,dm,dma,Доминика
214,do,dom,"Доминиканска република"
818,eg,egy,Египет
218,ec,ecu,Еквадор
226,gq,gnq,"Екваториална Гвинея"
232,er,eri,Еритрея
748,sz,swz,Есватини
233,ee,est,Естония
231,et,eth,Етиопия
894,zm,zmb,Замбия
732,eh,esh,"Западна Сахара"
716,zw,zwe,Зимбабве
376,il,isr,Израел
626,tl,tls,"Източен Тимор"
356,in,ind,Индия
360,id,idn,Индонезия
368,iq,irq,Ирак
364,ir,irn,Иран
372,ie,irl,Ирландия
352,is,isl,Исландия
724,es,esp,Испания
380,it,ita,Италия
887,ye,yem,Йемен
400,jo,jor,Йордания
132,cv,cpv,"Кабо Верде"
398,kz,kaz,Казахстан
136,ky,cym,"Кайманови острови"
116,kh,khm,Камбоджа
120,cm,cmr,Камерун
124,ca,can,Канада
535,bq,bes,"Карибска Нидерландия"
634,qa,qat,Катар
404,ke,ken,Кения
196,cy,cyp,Кипър
417,kg,kgz,Киргизстан
296,ki,kir,Кирибати
156,cn,chn,Китай
166,cc,cck,"Кокосови острови"
162,cx,cxr,"Коледен остров"
170,co,col,Колумбия
174,km,com,"Коморски острови"
188,cr,cri,"Коста Рика"
384,ci,civ,"Кот д'Ивоар"
192,cu,cub,Куба
414,kw,kwt,Кувейт
531,cw,cuw,Кюрасао
418,la,lao,Лаос
428,lv,lva,Латвия
426,ls,lso,Лесото
430,lr,lbr,Либерия
434,ly,lby,Либия
422,lb,lbn,Ливан
440,lt,ltu,Литва
438,li,lie,Лихтенщайн
442,lu,lux,Люксембург
478,mr,mrt,Мавритания
480,mu,mus,Мавриций
450,mg,mdg,Мадагаскар
175,yt,myt,Майот
446,mo,mac,Макао
454,mw,mwi,Малави
458,my,mys,Малайзия
462,mv,mdv,Малдиви
466,ml,mli,Мали
581,um,umi,"Малки далечни острови на САЩ"
470,mt,mlt,Малта
833,im,imn,Ман
504,ma,mar,Мароко
474,mq,mtq,Мартиника
584,mh,mhl,"Маршалови острови"
484,mx,mex,Мексико
104,mm,mmr,Мианмар
583,fm,fsm,Микронезия
508,mz,moz,Мозамбик
498,md,mda,Молдова
492,mc,mco,Монако
496,mn,mng,Монголия
500,ms,msr,Монсерат
516,na,nam,Намибия
520,nr,nru,Науру
524,np,npl,Непал
562,ne,ner,Нигер
566,ng,nga,Нигерия
528,nl,nld,Нидерландия
558,ni,nic,Никарагуа
570,nu,niu,Ниуе
554,nz,nzl,"Нова Зеландия"
540,nc,ncl,"Нова Каледония"
578,no,nor,Норвегия
784,ae,are,ОАЕ
248,ax,ala,"Оландски острови"
512,om,omn,Оман
574,nf,nfk,Норфолк
184,ck,cok,"Острови Кук"
334,hm,hmd,"Острови Хърд и Макдоналд"
586,pk,pak,Пакистан
585,pw,plw,Палау
275,ps,pse,"Палестинска автономия"
591,pa,pan,Панама
598,pg,png,"Папуа Нова Гвинея"
600,py,pry,Парагвай
604,pe,per,Перу
612,pn,pcn,Питкерн
616,pl,pol,Полша
620,pt,prt,Португалия
630,pr,pri,"Пуерто Рико"
178,cg,cog,"Република Конго"
638,re,reu,Реюнион
646,rw,rwa,Руанда
642,ro,rou,Румъния
643,ru,rus,Русия
222,sv,slv,Салвадор
882,ws,wsm,Самоа
674,sm,smr,"Сан Марино"
678,st,stp,"Сао Томе и Принсипи"
682,sa,sau,"Саудитска Арабия"
840,us,usa,САЩ
744,sj,sjm,"Свалбард и Ян Майен"
654,sh,shn,"Света Елена, Възнесение и Тристан да Куня"
408,kp,prk,"Северна Корея"
807,mk,mkd,"Северна Македония"
580,mp,mnp,"Северни Мариански острови"
670,vc,vct,"Сейнт Винсент и Гренадини"
659,kn,kna,"Сейнт Китс и Невис"
662,lc,lca,"Сейнт Лусия"
690,sc,syc,"Сейшелски острови"
652,bl,blm,"Сен Бартелми"
663,mf,maf,"Сен Мартен"
666,pm,spm,"Сен Пиер и Микелон"
686,sn,sen,Сенегал
694,sl,sle,"Сиера Леоне"
702,sg,sgp,Сингапур
534,sx,sxm,"Синт Мартен"
760,sy,syr,Сирия
703,sk,svk,Словакия
705,si,svn,Словения
90,sb,slb,"Соломонови острови"
706,so,som,Сомалия
729,sd,sdn,Судан
740,sr,sur,Суринам
688,rs,srb,Сърбия
762,tj,tjk,Таджикистан
158,tw,twn,Тайван
764,th,tha,Тайланд
834,tz,tza,Танзания
768,tg,tgo,Того
772,tk,tkl,Токелау
776,to,ton,Тонга
780,tt,tto,"Тринидад и Тобаго"
798,tv,tuv,Тувалу
788,tn,tun,Тунис
795,tm,tkm,Туркменистан
792,tr,tur,Турция
796,tc,tca,"Търкс и Кайкос"
800,ug,uga,Уганда
860,uz,uzb,Узбекистан
804,ua,ukr,Украйна
348,hu,hun,Унгария
876,wf,wlf,"Уолис и Футуна"
858,uy,ury,Уругвай
234,fo,fro,"Фарьорски острови"
242,fj,fji,Фиджи
608,ph,phl,Филипини
246,fi,fin,Финландия
238,fk,flk,"Фолкландски острови"
250,fr,fra,Франция
254,gf,guf,"Френска Гвиана"
258,pf,pyf,"Френска Полинезия"
260,tf,atf,"Френски южни и антарктически територии"
332,ht,hti,Хаити
340,hn,hnd,Хондурас
344,hk,hkg,Хонконг
191,hr,hrv,Хърватия
140,cf,caf,"Централноафриканска република"
148,td,tcd,Чад
499,me,mne,"Черна гора"
203,cz,cze,Чехия
152,cl,chl,Чили
756,ch,che,Швейцария
752,se,swe,Швеция
144,lk,lka,"Шри Ланка"
710,za,zaf,ЮАР
728,ss,ssd,"Южен Судан"
239,gs,sgs,"Южна Джорджия и Южни Сандвичеви острови"
410,kr,kor,"Южна Корея"
388,jm,jam,Ямайка
392,jp,jpn,Япония
