<?xml version="1.0" encoding="UTF-8"?>
<countries>
    <country id="36" alpha2="au" alpha3="aus" name="Австралія"/>
    <country id="40" alpha2="at" alpha3="aut" name="Австрія"/>
    <country id="31" alpha2="az" alpha3="aze" name="Азербайджан"/>
    <country id="248" alpha2="ax" alpha3="ala" name="Аландські острови"/>
    <country id="8" alpha2="al" alpha3="alb" name="Албанія"/>
    <country id="12" alpha2="dz" alpha3="dza" name="Алжир"/>
    <country id="16" alpha2="as" alpha3="asm" name="Американське Самоа"/>
    <country id="850" alpha2="vi" alpha3="vir" name="Американські Віргінські Острови"/>
    <country id="660" alpha2="ai" alpha3="aia" name="Ангілья"/>
    <country id="24" alpha2="ao" alpha3="ago" name="Ангола"/>
    <country id="20" alpha2="ad" alpha3="and" name="Андорра"/>
    <country id="10" alpha2="aq" alpha3="ata" name="Антарктида"/>
    <country id="28" alpha2="ag" alpha3="atg" name="Антигуа і Барбуда"/>
    <country id="32" alpha2="ar" alpha3="arg" name="Аргентина"/>
    <country id="533" alpha2="aw" alpha3="abw" name="Аруба"/>
    <country id="4" alpha2="af" alpha3="afg" name="Афганістан"/>
    <country id="44" alpha2="bs" alpha3="bhs" name="Багамські Острови"/>
    <country id="50" alpha2="bd" alpha3="bgd" name="Бангладеш"/>
    <country id="52" alpha2="bb" alpha3="brb" name="Барбадос"/>
    <country id="48" alpha2="bh" alpha3="bhr" name="Бахрейн"/>
    <country id="84" alpha2="bz" alpha3="blz" name="Беліз"/>
    <country id="56" alpha2="be" alpha3="bel" name="Бельгія"/>
    <country id="204" alpha2="bj" alpha3="ben" name="Бенін"/>
    <country id="60" alpha2="bm" alpha3="bmu" name="Бермудські Острови"/>
    <country id="112" alpha2="by" alpha3="blr" name="Білорусь"/>
    <country id="100" alpha2="bg" alpha3="bgr" name="Болгарія"/>
    <country id="68" alpha2="bo" alpha3="bol" name="Болівія"/>
    <country id="70" alpha2="ba" alpha3="bih" name="Боснія і Герцеговина"/>
    <country id="72" alpha2="bw" alpha3="bwa" name="Ботсвана"/>
    <country id="76" alpha2="br" alpha3="bra" name="Бразилія"/>
    <country id="86" alpha2="io" alpha3="iot" name="Британська Територія в Індійському Океані"/>
    <country id="92" alpha2="vg" alpha3="vgb" name="Британські Віргінські Острови"/>
    <country id="96" alpha2="bn" alpha3="brn" name="Бруней"/>
    <country id="854" alpha2="bf" alpha3="bfa" name="Буркіна-Фасо"/>
    <country id="108" alpha2="bi" alpha3="bdi" name="Бурунді"/>
    <country id="64" alpha2="bt" alpha3="btn" name="Бутан"/>
    <country id="548" alpha2="vu" alpha3="vut" name="Вануату"/>
    <country id="336" alpha2="va" alpha3="vat" name="Ватикан"/>
    <country id="826" alpha2="gb" alpha3="gbr" name="Велика Британія"/>
    <country id="862" alpha2="ve" alpha3="ven" name="Венесуела"/>
    <country id="704" alpha2="vn" alpha3="vnm" name="В'єтнам"/>
    <country id="51" alpha2="am" alpha3="arm" name="Вірменія"/>
    <country id="876" alpha2="wf" alpha3="wlf" name="Волліс і Футуна"/>
    <country id="266" alpha2="ga" alpha3="gab" name="Габон"/>
    <country id="332" alpha2="ht" alpha3="hti" name="Гаїті"/>
    <country id="328" alpha2="gy" alpha3="guy" name="Гаяна"/>
    <country id="270" alpha2="gm" alpha3="gmb" name="Гамбія"/>
    <country id="288" alpha2="gh" alpha3="gha" name="Гана"/>
    <country id="312" alpha2="gp" alpha3="glp" name="Гваделупа"/>
    <country id="320" alpha2="gt" alpha3="gtm" name="Гватемала"/>
    <country id="324" alpha2="gn" alpha3="gin" name="Гвінея"/>
    <country id="624" alpha2="gw" alpha3="gnb" name="Гвінея-Бісау"/>
    <country id="831" alpha2="gg" alpha3="ggy" name="Гернсі"/>
    <country id="340" alpha2="hn" alpha3="hnd" name="Гондурас"/>
    <country id="344" alpha2="hk" alpha3="hkg" name="Гонконг"/>
    <country id="308" alpha2="gd" alpha3="grd" name="Гренада"/>
    <country id="300" alpha2="gr" alpha3="grc" name="Греція"/>
    <country id="268" alpha2="ge" alpha3="geo" name="Грузія"/>
    <country id="316" alpha2="gu" alpha3="gum" name="Гуам"/>
    <country id="292" alpha2="gi" alpha3="gib" name="Гібралтар"/>
    <country id="304" alpha2="gl" alpha3="grl" name="Гренландія"/>
    <country id="208" alpha2="dk" alpha3="dnk" name="Данія"/>
    <country id="180" alpha2="cd" alpha3="cod" name="ДР Конго"/>
    <country id="832" alpha2="je" alpha3="jey" name="Джерсі"/>
    <country id="262" alpha2="dj" alpha3="dji" name="Джибуті"/>
    <country id="212" alpha2="dm" alpha3="dma" name="Домініка"/>
    <country id="214" alpha2="do" alpha3="dom" name="Домініканська Республіка"/>
    <country id="581" alpha2="um" alpha3="umi" name="Зовнішні малі острови США"/>
    <country id="218" alpha2="ec" alpha3="ecu" name="Еквадор"/>
    <country id="226" alpha2="gq" alpha3="gnq" name="Екваторіальна Гвінея"/>
    <country id="232" alpha2="er" alpha3="eri" name="Еритрея"/>
    <country id="233" alpha2="ee" alpha3="est" name="Естонія"/>
    <country id="231" alpha2="et" alpha3="eth" name="Ефіопія"/>
    <country id="818" alpha2="eg" alpha3="egy" name="Єгипет"/>
    <country id="887" alpha2="ye" alpha3="yem" name="Ємен"/>
    <country id="894" alpha2="zm" alpha3="zmb" name="Замбія"/>
    <country id="732" alpha2="eh" alpha3="esh" name="Західна Сахара"/>
    <country id="716" alpha2="zw" alpha3="zwe" name="Зімбабве"/>
    <country id="376" alpha2="il" alpha3="isr" name="Ізраїль"/>
    <country id="356" alpha2="in" alpha3="ind" name="Індія"/>
    <country id="360" alpha2="id" alpha3="idn" name="Індонезія"/>
    <country id="368" alpha2="iq" alpha3="irq" name="Ірак"/>
    <country id="364" alpha2="ir" alpha3="irn" name="Іран"/>
    <country id="372" alpha2="ie" alpha3="irl" name="Ірландія"/>
    <country id="352" alpha2="is" alpha3="isl" name="Ісландія"/>
    <country id="724" alpha2="es" alpha3="esp" name="Іспанія"/>
    <country id="380" alpha2="it" alpha3="ita" name="Італія"/>
    <country id="400" alpha2="jo" alpha3="jor" name="Йорданія"/>
    <country id="132" alpha2="cv" alpha3="cpv" name="Кабо-Верде"/>
    <country id="398" alpha2="kz" alpha3="kaz" name="Казахстан"/>
    <country id="136" alpha2="ky" alpha3="cym" name="Кайманові Острови"/>
    <country id="116" alpha2="kh" alpha3="khm" name="Камбоджа"/>
    <country id="120" alpha2="cm" alpha3="cmr" name="Камерун"/>
    <country id="124" alpha2="ca" alpha3="can" name="Канада"/>
    <country id="634" alpha2="qa" alpha3="qat" name="Катар"/>
    <country id="404" alpha2="ke" alpha3="ken" name="Кенія"/>
    <country id="417" alpha2="kg" alpha3="kgz" name="Киргизстан"/>
    <country id="156" alpha2="cn" alpha3="chn" name="Китайська Народна Республіка"/>
    <country id="196" alpha2="cy" alpha3="cyp" name="Кіпр"/>
    <country id="296" alpha2="ki" alpha3="kir" name="Кірибаті"/>
    <country id="166" alpha2="cc" alpha3="cck" name="Кокосові острови"/>
    <country id="170" alpha2="co" alpha3="col" name="Колумбія"/>
    <country id="174" alpha2="km" alpha3="com" name="Коморські Острови"/>
    <country id="178" alpha2="cg" alpha3="cog" name="Республіка Конго"/>
    <country id="188" alpha2="cr" alpha3="cri" name="Коста-Рика"/>
    <country id="384" alpha2="ci" alpha3="civ" name="Кот-д'Івуар"/>
    <country id="192" alpha2="cu" alpha3="cub" name="Куба"/>
    <country id="414" alpha2="kw" alpha3="kwt" name="Кувейт"/>
    <country id="531" alpha2="cw" alpha3="cuw" name="Кюрасао"/>
    <country id="418" alpha2="la" alpha3="lao" name="Лаос"/>
    <country id="428" alpha2="lv" alpha3="lva" name="Латвія"/>
    <country id="426" alpha2="ls" alpha3="lso" name="Лесото"/>
    <country id="440" alpha2="lt" alpha3="ltu" name="Литва"/>
    <country id="430" alpha2="lr" alpha3="lbr" name="Ліберія"/>
    <country id="422" alpha2="lb" alpha3="lbn" name="Ліван"/>
    <country id="434" alpha2="ly" alpha3="lby" name="Лівія"/>
    <country id="438" alpha2="li" alpha3="lie" name="Ліхтенштейн"/>
    <country id="442" alpha2="lu" alpha3="lux" name="Люксембург"/>
    <country id="480" alpha2="mu" alpha3="mus" name="Маврикій"/>
    <country id="478" alpha2="mr" alpha3="mrt" name="Мавританія"/>
    <country id="450" alpha2="mg" alpha3="mdg" name="Мадагаскар"/>
    <country id="175" alpha2="yt" alpha3="myt" name="Майотта"/>
    <country id="446" alpha2="mo" alpha3="mac" name="Макао"/>
    <country id="454" alpha2="mw" alpha3="mwi" name="Малаві"/>
    <country id="458" alpha2="my" alpha3="mys" name="Малайзія"/>
    <country id="466" alpha2="ml" alpha3="mli" name="Малі"/>
    <country id="462" alpha2="mv" alpha3="mdv" name="Мальдіви"/>
    <country id="470" alpha2="mt" alpha3="mlt" name="Мальта"/>
    <country id="504" alpha2="ma" alpha3="mar" name="Марокко"/>
    <country id="474" alpha2="mq" alpha3="mtq" name="Мартиніка"/>
    <country id="584" alpha2="mh" alpha3="mhl" name="Маршаллові Острови"/>
    <country id="484" alpha2="mx" alpha3="mex" name="Мексика"/>
    <country id="508" alpha2="mz" alpha3="moz" name="Мозамбік"/>
    <country id="498" alpha2="md" alpha3="mda" name="Молдова"/>
    <country id="492" alpha2="mc" alpha3="mco" name="Монако"/>
    <country id="496" alpha2="mn" alpha3="mng" name="Монголія"/>
    <country id="500" alpha2="ms" alpha3="msr" name="Монтсеррат"/>
    <country id="104" alpha2="mm" alpha3="mmr" name="М'янма"/>
    <country id="516" alpha2="na" alpha3="nam" name="Намібія"/>
    <country id="520" alpha2="nr" alpha3="nru" name="Науру"/>
    <country id="524" alpha2="np" alpha3="npl" name="Непал"/>
    <country id="562" alpha2="ne" alpha3="ner" name="Нігер"/>
    <country id="566" alpha2="ng" alpha3="nga" name="Нігерія"/>
    <country id="528" alpha2="nl" alpha3="nld" name="Нідерланди"/>
    <country id="535" alpha2="bq" alpha3="bes" name="Карибські Нідерланди"/>
    <country id="558" alpha2="ni" alpha3="nic" name="Нікарагуа"/>
    <country id="276" alpha2="de" alpha3="deu" name="Німеччина"/>
    <country id="570" alpha2="nu" alpha3="niu" name="Ніуе"/>
    <country id="554" alpha2="nz" alpha3="nzl" name="Нова Зеландія"/>
    <country id="540" alpha2="nc" alpha3="ncl" name="Нова Каледонія"/>
    <country id="578" alpha2="no" alpha3="nor" name="Норвегія"/>
    <country id="784" alpha2="ae" alpha3="are" name="ОАЕ"/>
    <country id="512" alpha2="om" alpha3="omn" name="Оман"/>
    <country id="74" alpha2="bv" alpha3="bvt" name="Острів Буве"/>
    <country id="833" alpha2="im" alpha3="imn" name="Острів Мен"/>
    <country id="574" alpha2="nf" alpha3="nfk" name="Острів Норфолк"/>
    <country id="162" alpha2="cx" alpha3="cxr" name="Острів Різдва"/>
    <country id="654" alpha2="sh" alpha3="shn" name="Острови Святої Єлени, Вознесіння і Тристан-да-Кунья"/>
    <country id="334" alpha2="hm" alpha3="hmd" name="Острів Херд і острови Макдональд"/>
    <country id="184" alpha2="ck" alpha3="cok" name="Острови Кука"/>
    <country id="586" alpha2="pk" alpha3="pak" name="Пакистан"/>
    <country id="585" alpha2="pw" alpha3="plw" name="Палау"/>
    <country id="275" alpha2="ps" alpha3="pse" name="Палестина"/>
    <country id="591" alpha2="pa" alpha3="pan" name="Панама"/>
    <country id="598" alpha2="pg" alpha3="png" name="Папуа Нова Гвінея"/>
    <country id="600" alpha2="py" alpha3="pry" name="Парагвай"/>
    <country id="604" alpha2="pe" alpha3="per" name="Перу"/>
    <country id="710" alpha2="za" alpha3="zaf" name="ПАР"/>
    <country id="239" alpha2="gs" alpha3="sgs" name="Південна Джорджія та Південні Сандвічеві Острови"/>
    <country id="410" alpha2="kr" alpha3="kor" name="Південна Корея"/>
    <country id="728" alpha2="ss" alpha3="ssd" name="Південний Судан"/>
    <country id="408" alpha2="kp" alpha3="prk" name="Північна Корея"/>
    <country id="807" alpha2="mk" alpha3="mkd" name="Північна Македонія"/>
    <country id="580" alpha2="mp" alpha3="mnp" name="Північні Маріанські Острови"/>
    <country id="612" alpha2="pn" alpha3="pcn" name="Піткерн"/>
    <country id="616" alpha2="pl" alpha3="pol" name="Польща"/>
    <country id="620" alpha2="pt" alpha3="prt" name="Португалія"/>
    <country id="630" alpha2="pr" alpha3="pri" name="Пуерто-Рико"/>
    <country id="638" alpha2="re" alpha3="reu" name="Реюньйон"/>
    <country id="643" alpha2="ru" alpha3="rus" name="Росія"/>
    <country id="646" alpha2="rw" alpha3="rwa" name="Руанда"/>
    <country id="642" alpha2="ro" alpha3="rou" name="Румунія"/>
    <country id="222" alpha2="sv" alpha3="slv" name="Сальвадор"/>
    <country id="882" alpha2="ws" alpha3="wsm" name="Самоа"/>
    <country id="674" alpha2="sm" alpha3="smr" name="Сан-Марино"/>
    <country id="678" alpha2="st" alpha3="stp" name="Сан-Томе і Принсіпі"/>
    <country id="682" alpha2="sa" alpha3="sau" name="Саудівська Аравія"/>
    <country id="748" alpha2="sz" alpha3="swz" name="Есватіні"/>
    <country id="744" alpha2="sj" alpha3="sjm" name="Свальбард і Ян-Маєн"/>
    <country id="690" alpha2="sc" alpha3="syc" name="Сейшельські Острови"/>
    <country id="652" alpha2="bl" alpha3="blm" name="Сен-Бартелемі"/>
    <country id="686" alpha2="sn" alpha3="sen" name="Сенегал"/>
    <country id="663" alpha2="mf" alpha3="maf" name="Сен-Мартен"/>
    <country id="666" alpha2="pm" alpha3="spm" name="Сен-П'єр і Мікелон"/>
    <country id="670" alpha2="vc" alpha3="vct" name="Сент-Вінсент і Гренадини"/>
    <country id="659" alpha2="kn" alpha3="kna" name="Сент-Кіттс і Невіс"/>
    <country id="662" alpha2="lc" alpha3="lca" name="Сент-Люсія"/>
    <country id="688" alpha2="rs" alpha3="srb" name="Сербія"/>
    <country id="760" alpha2="sy" alpha3="syr" name="Сирія"/>
    <country id="702" alpha2="sg" alpha3="sgp" name="Сінгапур"/>
    <country id="534" alpha2="sx" alpha3="sxm" name="Сінт-Мартен"/>
    <country id="703" alpha2="sk" alpha3="svk" name="Словаччина"/>
    <country id="705" alpha2="si" alpha3="svn" name="Словенія"/>
    <country id="90" alpha2="sb" alpha3="slb" name="Соломонові Острови"/>
    <country id="706" alpha2="so" alpha3="som" name="Сомалі"/>
    <country id="840" alpha2="us" alpha3="usa" name="США"/>
    <country id="729" alpha2="sd" alpha3="sdn" name="Судан"/>
    <country id="740" alpha2="sr" alpha3="sur" name="Суринам"/>
    <country id="626" alpha2="tl" alpha3="tls" name="Східний Тимор"/>
    <country id="694" alpha2="sl" alpha3="sle" name="Сьєрра-Леоне"/>
    <country id="762" alpha2="tj" alpha3="tjk" name="Таджикистан"/>
    <country id="764" alpha2="th" alpha3="tha" name="Таїланд"/>
    <country id="158" alpha2="tw" alpha3="twn" name="Тайвань"/>
    <country id="834" alpha2="tz" alpha3="tza" name="Танзанія"/>
    <country id="796" alpha2="tc" alpha3="tca" name="Острови Теркс і Кайкос"/>
    <country id="768" alpha2="tg" alpha3="tgo" name="Того"/>
    <country id="772" alpha2="tk" alpha3="tkl" name="Токелау"/>
    <country id="776" alpha2="to" alpha3="ton" name="Тонга"/>
    <country id="780" alpha2="tt" alpha3="tto" name="Тринідад і Тобаго"/>
    <country id="798" alpha2="tv" alpha3="tuv" name="Тувалу"/>
    <country id="788" alpha2="tn" alpha3="tun" name="Туніс"/>
    <country id="792" alpha2="tr" alpha3="tur" name="Туреччина"/>
    <country id="795" alpha2="tm" alpha3="tkm" name="Туркменістан"/>
    <country id="800" alpha2="ug" alpha3="uga" name="Уганда"/>
    <country id="348" alpha2="hu" alpha3="hun" name="Угорщина"/>
    <country id="860" alpha2="uz" alpha3="uzb" name="Узбекистан"/>
    <country id="804" alpha2="ua" alpha3="ukr" name="Україна"/>
    <country id="858" alpha2="uy" alpha3="ury" name="Уругвай"/>
    <country id="234" alpha2="fo" alpha3="fro" name="Фарерські острови"/>
    <country id="583" alpha2="fm" alpha3="fsm" name="Федеративні Штати Мікронезії"/>
    <country id="242" alpha2="fj" alpha3="fji" name="Фіджі"/>
    <country id="608" alpha2="ph" alpha3="phl" name="Філіппіни"/>
    <country id="246" alpha2="fi" alpha3="fin" name="Фінляндія"/>
    <country id="238" alpha2="fk" alpha3="flk" name="Фолклендські Острови"/>
    <country id="250" alpha2="fr" alpha3="fra" name="Франція"/>
    <country id="254" alpha2="gf" alpha3="guf" name="Французька Гвіана"/>
    <country id="258" alpha2="pf" alpha3="pyf" name="Французька Полінезія"/>
    <country id="260" alpha2="tf" alpha3="atf" name="Французькі Південні і Антарктичні Території"/>
    <country id="191" alpha2="hr" alpha3="hrv" name="Хорватія"/>
    <country id="140" alpha2="cf" alpha3="caf" name="Центральноафриканська Республіка"/>
    <country id="148" alpha2="td" alpha3="tcd" name="Чад"/>
    <country id="203" alpha2="cz" alpha3="cze" name="Чехія"/>
    <country id="152" alpha2="cl" alpha3="chl" name="Чилі"/>
    <country id="499" alpha2="me" alpha3="mne" name="Чорногорія"/>
    <country id="756" alpha2="ch" alpha3="che" name="Швейцарія"/>
    <country id="752" alpha2="se" alpha3="swe" name="Швеція"/>
    <country id="144" alpha2="lk" alpha3="lka" name="Шрі-Ланка"/>
    <country id="388" alpha2="jm" alpha3="jam" name="Ямайка"/>
    <country id="392" alpha2="jp" alpha3="jpn" name="Японія"/>
</countries>
