<?xml version="1.0" encoding="UTF-8"?>
<countries>
    <country id="4" alpha2="af" alpha3="afg" name="Afghánistán"/>
    <country id="248" alpha2="ax" alpha3="ala" name="Alandy"/>
    <country id="8" alpha2="al" alpha3="alb" name="Albánie"/>
    <country id="12" alpha2="dz" alpha3="dza" name="Alžírsko"/>
    <country id="16" alpha2="as" alpha3="asm" name="Americká Samoa"/>
    <country id="850" alpha2="vi" alpha3="vir" name="Americké Panenské ostrovy"/>
    <country id="20" alpha2="ad" alpha3="and" name="Andorra"/>
    <country id="24" alpha2="ao" alpha3="ago" name="Angola"/>
    <country id="660" alpha2="ai" alpha3="aia" name="Anguilla"/>
    <country id="10" alpha2="aq" alpha3="ata" name="Antarktida"/>
    <country id="28" alpha2="ag" alpha3="atg" name="Antigua a Barbuda"/>
    <country id="32" alpha2="ar" alpha3="arg" name="Argentina"/>
    <country id="51" alpha2="am" alpha3="arm" name="Arménie"/>
    <country id="533" alpha2="aw" alpha3="abw" name="Aruba"/>
    <country id="36" alpha2="au" alpha3="aus" name="Austrálie"/>
    <country id="31" alpha2="az" alpha3="aze" name="Ázerbájdžán"/>
    <country id="44" alpha2="bs" alpha3="bhs" name="Bahamy"/>
    <country id="48" alpha2="bh" alpha3="bhr" name="Bahrajn"/>
    <country id="50" alpha2="bd" alpha3="bgd" name="Bangladéš"/>
    <country id="52" alpha2="bb" alpha3="brb" name="Barbados"/>
    <country id="56" alpha2="be" alpha3="bel" name="Belgie"/>
    <country id="84" alpha2="bz" alpha3="blz" name="Belize"/>
    <country id="112" alpha2="by" alpha3="blr" name="Bělorusko"/>
    <country id="204" alpha2="bj" alpha3="ben" name="Benin"/>
    <country id="60" alpha2="bm" alpha3="bmu" name="Bermudy"/>
    <country id="64" alpha2="bt" alpha3="btn" name="Bhútán"/>
    <country id="68" alpha2="bo" alpha3="bol" name="Bolívie"/>
    <country id="535" alpha2="bq" alpha3="bes" name="Bonaire, Svatý Eustach a Saba"/>
    <country id="70" alpha2="ba" alpha3="bih" name="Bosna a Hercegovina"/>
    <country id="72" alpha2="bw" alpha3="bwa" name="Botswana"/>
    <country id="74" alpha2="bv" alpha3="bvt" name="Bouvetův ostrov"/>
    <country id="76" alpha2="br" alpha3="bra" name="Brazílie"/>
    <country id="86" alpha2="io" alpha3="iot" name="Britské indickooceánské území"/>
    <country id="92" alpha2="vg" alpha3="vgb" name="Britské Panenské ostrovy"/>
    <country id="96" alpha2="bn" alpha3="brn" name="Brunej"/>
    <country id="100" alpha2="bg" alpha3="bgr" name="Bulharsko"/>
    <country id="854" alpha2="bf" alpha3="bfa" name="Burkina Faso"/>
    <country id="108" alpha2="bi" alpha3="bdi" name="Burundi"/>
    <country id="184" alpha2="ck" alpha3="cok" name="Cookovy ostrovy"/>
    <country id="531" alpha2="cw" alpha3="cuw" name="Curaçao"/>
    <country id="148" alpha2="td" alpha3="tcd" name="Čad"/>
    <country id="499" alpha2="me" alpha3="mne" name="Černá Hora"/>
    <country id="203" alpha2="cz" alpha3="cze" name="Česko"/>
    <country id="156" alpha2="cn" alpha3="chn" name="Čína"/>
    <country id="208" alpha2="dk" alpha3="dnk" name="Dánsko"/>
    <country id="212" alpha2="dm" alpha3="dma" name="Dominika"/>
    <country id="214" alpha2="do" alpha3="dom" name="Dominikánská republika"/>
    <country id="262" alpha2="dj" alpha3="dji" name="Džibutsko"/>
    <country id="818" alpha2="eg" alpha3="egy" name="Egypt"/>
    <country id="218" alpha2="ec" alpha3="ecu" name="Ekvádor"/>
    <country id="232" alpha2="er" alpha3="eri" name="Eritrea"/>
    <country id="233" alpha2="ee" alpha3="est" name="Estonsko"/>
    <country id="231" alpha2="et" alpha3="eth" name="Etiopie"/>
    <country id="234" alpha2="fo" alpha3="fro" name="Faerské ostrovy"/>
    <country id="238" alpha2="fk" alpha3="flk" name="Falklandy (Malvíny)"/>
    <country id="242" alpha2="fj" alpha3="fji" name="Fidži"/>
    <country id="608" alpha2="ph" alpha3="phl" name="Filipíny"/>
    <country id="246" alpha2="fi" alpha3="fin" name="Finsko"/>
    <country id="250" alpha2="fr" alpha3="fra" name="Francie"/>
    <country id="254" alpha2="gf" alpha3="guf" name="Francouzská Guyana"/>
    <country id="260" alpha2="tf" alpha3="atf" name="Francouzská jižní a antarktická území"/>
    <country id="258" alpha2="pf" alpha3="pyf" name="Francouzská Polynésie"/>
    <country id="266" alpha2="ga" alpha3="gab" name="Gabon"/>
    <country id="270" alpha2="gm" alpha3="gmb" name="Gambie"/>
    <country id="288" alpha2="gh" alpha3="gha" name="Ghana"/>
    <country id="292" alpha2="gi" alpha3="gib" name="Gibraltar"/>
    <country id="308" alpha2="gd" alpha3="grd" name="Grenada"/>
    <country id="304" alpha2="gl" alpha3="grl" name="Grónsko"/>
    <country id="268" alpha2="ge" alpha3="geo" name="Gruzie"/>
    <country id="312" alpha2="gp" alpha3="glp" name="Guadeloupe"/>
    <country id="316" alpha2="gu" alpha3="gum" name="Guam"/>
    <country id="320" alpha2="gt" alpha3="gtm" name="Guatemala"/>
    <country id="324" alpha2="gn" alpha3="gin" name="Guinea"/>
    <country id="624" alpha2="gw" alpha3="gnb" name="Guinea-Bissau"/>
    <country id="831" alpha2="gg" alpha3="ggy" name="Guernsey"/>
    <country id="328" alpha2="gy" alpha3="guy" name="Guyana"/>
    <country id="332" alpha2="ht" alpha3="hti" name="Haiti"/>
    <country id="334" alpha2="hm" alpha3="hmd" name="Heardův ostrov a McDonaldovy ostrovy"/>
    <country id="340" alpha2="hn" alpha3="hnd" name="Honduras"/>
    <country id="344" alpha2="hk" alpha3="hkg" name="Hongkong"/>
    <country id="152" alpha2="cl" alpha3="chl" name="Chile"/>
    <country id="191" alpha2="hr" alpha3="hrv" name="Chorvatsko"/>
    <country id="356" alpha2="in" alpha3="ind" name="Indie"/>
    <country id="360" alpha2="id" alpha3="idn" name="Indonésie"/>
    <country id="368" alpha2="iq" alpha3="irq" name="Irák"/>
    <country id="364" alpha2="ir" alpha3="irn" name="Írán"/>
    <country id="372" alpha2="ie" alpha3="irl" name="Irsko"/>
    <country id="352" alpha2="is" alpha3="isl" name="Island"/>
    <country id="380" alpha2="it" alpha3="ita" name="Itálie"/>
    <country id="376" alpha2="il" alpha3="isr" name="Izrael"/>
    <country id="388" alpha2="jm" alpha3="jam" name="Jamajka"/>
    <country id="392" alpha2="jp" alpha3="jpn" name="Japonsko"/>
    <country id="887" alpha2="ye" alpha3="yem" name="Jemen"/>
    <country id="832" alpha2="je" alpha3="jey" name="Jersey"/>
    <country id="710" alpha2="za" alpha3="zaf" name="Jihoafrická republika"/>
    <country id="239" alpha2="gs" alpha3="sgs" name="Jižní Georgie a Jižní Sandwichovy ostrovy"/>
    <country id="410" alpha2="kr" alpha3="kor" name="Jižní Korea"/>
    <country id="728" alpha2="ss" alpha3="ssd" name="Jižní Súdán"/>
    <country id="400" alpha2="jo" alpha3="jor" name="Jordánsko"/>
    <country id="136" alpha2="ky" alpha3="cym" name="Kajmanské ostrovy"/>
    <country id="116" alpha2="kh" alpha3="khm" name="Kambodža"/>
    <country id="120" alpha2="cm" alpha3="cmr" name="Kamerun"/>
    <country id="124" alpha2="ca" alpha3="can" name="Kanada"/>
    <country id="132" alpha2="cv" alpha3="cpv" name="Kapverdy"/>
    <country id="634" alpha2="qa" alpha3="qat" name="Katar"/>
    <country id="398" alpha2="kz" alpha3="kaz" name="Kazachstán"/>
    <country id="404" alpha2="ke" alpha3="ken" name="Keňa"/>
    <country id="296" alpha2="ki" alpha3="kir" name="Kiribati"/>
    <country id="166" alpha2="cc" alpha3="cck" name="Kokosové ostrovy"/>
    <country id="170" alpha2="co" alpha3="col" name="Kolumbie"/>
    <country id="174" alpha2="km" alpha3="com" name="Komory"/>
    <country id="178" alpha2="cg" alpha3="cog" name="Kongo"/>
    <country id="180" alpha2="cd" alpha3="cod" name="Konžská demokratická republika"/>
    <country id="188" alpha2="cr" alpha3="cri" name="Kostarika"/>
    <country id="192" alpha2="cu" alpha3="cub" name="Kuba"/>
    <country id="414" alpha2="kw" alpha3="kwt" name="Kuvajt"/>
    <country id="196" alpha2="cy" alpha3="cyp" name="Kypr"/>
    <country id="417" alpha2="kg" alpha3="kgz" name="Kyrgyzstán"/>
    <country id="418" alpha2="la" alpha3="lao" name="Laos"/>
    <country id="426" alpha2="ls" alpha3="lso" name="Lesotho"/>
    <country id="422" alpha2="lb" alpha3="lbn" name="Libanon"/>
    <country id="430" alpha2="lr" alpha3="lbr" name="Libérie"/>
    <country id="434" alpha2="ly" alpha3="lby" name="Libye"/>
    <country id="438" alpha2="li" alpha3="lie" name="Lichtenštejnsko"/>
    <country id="440" alpha2="lt" alpha3="ltu" name="Litva"/>
    <country id="428" alpha2="lv" alpha3="lva" name="Lotyšsko"/>
    <country id="442" alpha2="lu" alpha3="lux" name="Lucembursko"/>
    <country id="446" alpha2="mo" alpha3="mac" name="Macao"/>
    <country id="450" alpha2="mg" alpha3="mdg" name="Madagaskar"/>
    <country id="348" alpha2="hu" alpha3="hun" name="Maďarsko"/>
    <country id="458" alpha2="my" alpha3="mys" name="Malajsie"/>
    <country id="454" alpha2="mw" alpha3="mwi" name="Malawi"/>
    <country id="462" alpha2="mv" alpha3="mdv" name="Maledivy"/>
    <country id="466" alpha2="ml" alpha3="mli" name="Mali"/>
    <country id="470" alpha2="mt" alpha3="mlt" name="Malta"/>
    <country id="833" alpha2="im" alpha3="imn" name="Ostrov Man"/>
    <country id="504" alpha2="ma" alpha3="mar" name="Maroko"/>
    <country id="584" alpha2="mh" alpha3="mhl" name="Marshallovy ostrovy"/>
    <country id="474" alpha2="mq" alpha3="mtq" name="Martinik"/>
    <country id="480" alpha2="mu" alpha3="mus" name="Mauricius"/>
    <country id="478" alpha2="mr" alpha3="mrt" name="Mauritánie"/>
    <country id="175" alpha2="yt" alpha3="myt" name="Mayotte"/>
    <country id="581" alpha2="um" alpha3="umi" name="Menší odlehlé ostrovy USA"/>
    <country id="484" alpha2="mx" alpha3="mex" name="Mexiko"/>
    <country id="583" alpha2="fm" alpha3="fsm" name="Mikronésie"/>
    <country id="498" alpha2="md" alpha3="mda" name="Moldavsko"/>
    <country id="492" alpha2="mc" alpha3="mco" name="Monako"/>
    <country id="496" alpha2="mn" alpha3="mng" name="Mongolsko"/>
    <country id="500" alpha2="ms" alpha3="msr" name="Montserrat"/>
    <country id="508" alpha2="mz" alpha3="moz" name="Mosambik"/>
    <country id="104" alpha2="mm" alpha3="mmr" name="Myanmar"/>
    <country id="516" alpha2="na" alpha3="nam" name="Namibie"/>
    <country id="520" alpha2="nr" alpha3="nru" name="Nauru"/>
    <country id="276" alpha2="de" alpha3="deu" name="Německo"/>
    <country id="524" alpha2="np" alpha3="npl" name="Nepál"/>
    <country id="562" alpha2="ne" alpha3="ner" name="Niger"/>
    <country id="566" alpha2="ng" alpha3="nga" name="Nigérie"/>
    <country id="558" alpha2="ni" alpha3="nic" name="Nikaragua"/>
    <country id="570" alpha2="nu" alpha3="niu" name="Niue"/>
    <country id="528" alpha2="nl" alpha3="nld" name="Nizozemsko"/>
    <country id="574" alpha2="nf" alpha3="nfk" name="Norfolk"/>
    <country id="578" alpha2="no" alpha3="nor" name="Norsko"/>
    <country id="540" alpha2="nc" alpha3="ncl" name="Nová Kaledonie"/>
    <country id="554" alpha2="nz" alpha3="nzl" name="Nový Zéland"/>
    <country id="512" alpha2="om" alpha3="omn" name="Omán"/>
    <country id="586" alpha2="pk" alpha3="pak" name="Pákistán"/>
    <country id="585" alpha2="pw" alpha3="plw" name="Palau"/>
    <country id="275" alpha2="ps" alpha3="pse" name="Palestinská autonomie"/>
    <country id="591" alpha2="pa" alpha3="pan" name="Panama"/>
    <country id="598" alpha2="pg" alpha3="png" name="Papua Nová Guinea"/>
    <country id="600" alpha2="py" alpha3="pry" name="Paraguay"/>
    <country id="604" alpha2="pe" alpha3="per" name="Peru"/>
    <country id="612" alpha2="pn" alpha3="pcn" name="Pitcairnovy ostrovy"/>
    <country id="384" alpha2="ci" alpha3="civ" name="Pobřeží slonoviny"/>
    <country id="616" alpha2="pl" alpha3="pol" name="Polsko"/>
    <country id="630" alpha2="pr" alpha3="pri" name="Portoriko"/>
    <country id="620" alpha2="pt" alpha3="prt" name="Portugalsko"/>
    <country id="40" alpha2="at" alpha3="aut" name="Rakousko"/>
    <country id="638" alpha2="re" alpha3="reu" name="Réunion"/>
    <country id="226" alpha2="gq" alpha3="gnq" name="Rovníková Guinea"/>
    <country id="642" alpha2="ro" alpha3="rou" name="Rumunsko"/>
    <country id="643" alpha2="ru" alpha3="rus" name="Rusko"/>
    <country id="646" alpha2="rw" alpha3="rwa" name="Rwanda"/>
    <country id="300" alpha2="gr" alpha3="grc" name="Řecko"/>
    <country id="666" alpha2="pm" alpha3="spm" name="Saint Pierre a Miquelon"/>
    <country id="222" alpha2="sv" alpha3="slv" name="Salvador"/>
    <country id="882" alpha2="ws" alpha3="wsm" name="Samoa"/>
    <country id="674" alpha2="sm" alpha3="smr" name="San Marino"/>
    <country id="682" alpha2="sa" alpha3="sau" name="Saúdská Arábie"/>
    <country id="686" alpha2="sn" alpha3="sen" name="Senegal"/>
    <country id="408" alpha2="kp" alpha3="prk" name="Severní Korea"/>
    <country id="807" alpha2="mk" alpha3="mkd" name="Severní Makedonie"/>
    <country id="580" alpha2="mp" alpha3="mnp" name="Severní Mariany"/>
    <country id="690" alpha2="sc" alpha3="syc" name="Seychely"/>
    <country id="694" alpha2="sl" alpha3="sle" name="Sierra Leone"/>
    <country id="702" alpha2="sg" alpha3="sgp" name="Singapur"/>
    <country id="703" alpha2="sk" alpha3="svk" name="Slovensko"/>
    <country id="705" alpha2="si" alpha3="svn" name="Slovinsko"/>
    <country id="706" alpha2="so" alpha3="som" name="Somálsko"/>
    <country id="784" alpha2="ae" alpha3="are" name="Spojené arabské emiráty"/>
    <country id="826" alpha2="gb" alpha3="gbr" name="Spojené království Velké Británie a Severního Irska"/>
    <country id="840" alpha2="us" alpha3="usa" name="Spojené státy americké"/>
    <country id="688" alpha2="rs" alpha3="srb" name="Srbsko"/>
    <country id="144" alpha2="lk" alpha3="lka" name="Srí Lanka"/>
    <country id="140" alpha2="cf" alpha3="caf" name="Středoafrická republika"/>
    <country id="729" alpha2="sd" alpha3="sdn" name="Súdán"/>
    <country id="740" alpha2="sr" alpha3="sur" name="Surinam"/>
    <country id="654" alpha2="sh" alpha3="shn" name="Svatá Helena, Ascension a Tristan da Cunha"/>
    <country id="662" alpha2="lc" alpha3="lca" name="Svatá Lucie"/>
    <country id="652" alpha2="bl" alpha3="blm" name="Svatý Bartoloměj"/>
    <country id="659" alpha2="kn" alpha3="kna" name="Svatý Kryštof a Nevis"/>
    <country id="663" alpha2="mf" alpha3="maf" name="Svatý Martin (francouzská část)"/>
    <country id="534" alpha2="sx" alpha3="sxm" name="Svatý Martin (nizozemská část)"/>
    <country id="678" alpha2="st" alpha3="stp" name="Svatý Tomáš a Princův ostrov"/>
    <country id="670" alpha2="vc" alpha3="vct" name="Svatý Vincenc a Grenadiny"/>
    <country id="748" alpha2="sz" alpha3="swz" name="Svazijsko"/>
    <country id="760" alpha2="sy" alpha3="syr" name="Sýrie"/>
    <country id="90" alpha2="sb" alpha3="slb" name="Šalomounovy ostrovy"/>
    <country id="724" alpha2="es" alpha3="esp" name="Španělsko"/>
    <country id="744" alpha2="sj" alpha3="sjm" name="Špicberky a Jan Mayen"/>
    <country id="752" alpha2="se" alpha3="swe" name="Švédsko"/>
    <country id="756" alpha2="ch" alpha3="che" name="Švýcarsko"/>
    <country id="762" alpha2="tj" alpha3="tjk" name="Tádžikistán"/>
    <country id="834" alpha2="tz" alpha3="tza" name="Tanzanie"/>
    <country id="764" alpha2="th" alpha3="tha" name="Thajsko"/>
    <country id="158" alpha2="tw" alpha3="twn" name="Tchaj-wan"/>
    <country id="768" alpha2="tg" alpha3="tgo" name="Togo"/>
    <country id="772" alpha2="tk" alpha3="tkl" name="Tokelau"/>
    <country id="776" alpha2="to" alpha3="ton" name="Tonga"/>
    <country id="780" alpha2="tt" alpha3="tto" name="Trinidad a Tobago"/>
    <country id="788" alpha2="tn" alpha3="tun" name="Tunisko"/>
    <country id="792" alpha2="tr" alpha3="tur" name="Turecko"/>
    <country id="795" alpha2="tm" alpha3="tkm" name="Turkmenistán"/>
    <country id="796" alpha2="tc" alpha3="tca" name="Turks a Caicos"/>
    <country id="798" alpha2="tv" alpha3="tuv" name="Tuvalu"/>
    <country id="800" alpha2="ug" alpha3="uga" name="Uganda"/>
    <country id="804" alpha2="ua" alpha3="ukr" name="Ukrajina"/>
    <country id="858" alpha2="uy" alpha3="ury" name="Uruguay"/>
    <country id="860" alpha2="uz" alpha3="uzb" name="Uzbekistán"/>
    <country id="162" alpha2="cx" alpha3="cxr" name="Vánoční ostrov"/>
    <country id="548" alpha2="vu" alpha3="vut" name="Vanuatu"/>
    <country id="336" alpha2="va" alpha3="vat" name="Vatikán"/>
    <country id="862" alpha2="ve" alpha3="ven" name="Venezuela"/>
    <country id="704" alpha2="vn" alpha3="vnm" name="Vietnam"/>
    <country id="626" alpha2="tl" alpha3="tls" name="Východní Timor"/>
    <country id="876" alpha2="wf" alpha3="wlf" name="Wallis a Futuna"/>
    <country id="894" alpha2="zm" alpha3="zmb" name="Zambie"/>
    <country id="732" alpha2="eh" alpha3="esh" name="Západní Sahara"/>
    <country id="716" alpha2="zw" alpha3="zwe" name="Zimbabwe"/>
</countries>
