[{"id":4,"alpha2":"af","alpha3":"afg","name":"Afghanistan"},
{"id":248,"alpha2":"ax","alpha3":"ala","name":"Åland"},
{"id":8,"alpha2":"al","alpha3":"alb","name":"Albanië"},
{"id":12,"alpha2":"dz","alpha3":"dza","name":"Algerije"},
{"id":850,"alpha2":"vi","alpha3":"vir","name":"Amerikaanse Maagdeneilanden"},
{"id":16,"alpha2":"as","alpha3":"asm","name":"Amerikaans-Samoa"},
{"id":20,"alpha2":"ad","alpha3":"and","name":"Andorra"},
{"id":24,"alpha2":"ao","alpha3":"ago","name":"Angola"},
{"id":660,"alpha2":"ai","alpha3":"aia","name":"Anguilla"},
{"id":10,"alpha2":"aq","alpha3":"ata","name":"Antarctica"},
{"id":28,"alpha2":"ag","alpha3":"atg","name":"Antigua en Barbuda"},
{"id":32,"alpha2":"ar","alpha3":"arg","name":"Argentinië"},
{"id":51,"alpha2":"am","alpha3":"arm","name":"Armenië"},
{"id":533,"alpha2":"aw","alpha3":"abw","name":"Aruba"},
{"id":36,"alpha2":"au","alpha3":"aus","name":"Australië"},
{"id":31,"alpha2":"az","alpha3":"aze","name":"Azerbeidzjan"},
{"id":44,"alpha2":"bs","alpha3":"bhs","name":"Bahama's"},
{"id":48,"alpha2":"bh","alpha3":"bhr","name":"Bahrein"},
{"id":50,"alpha2":"bd","alpha3":"bgd","name":"Bangladesh"},
{"id":52,"alpha2":"bb","alpha3":"brb","name":"Barbados"},
{"id":56,"alpha2":"be","alpha3":"bel","name":"België"},
{"id":84,"alpha2":"bz","alpha3":"blz","name":"Belize"},
{"id":204,"alpha2":"bj","alpha3":"ben","name":"Benin"},
{"id":60,"alpha2":"bm","alpha3":"bmu","name":"Bermuda"},
{"id":64,"alpha2":"bt","alpha3":"btn","name":"Bhutan"},
{"id":68,"alpha2":"bo","alpha3":"bol","name":"Bolivia"},
{"id":70,"alpha2":"ba","alpha3":"bih","name":"Bosnië en Herzegovina"},
{"id":72,"alpha2":"bw","alpha3":"bwa","name":"Botswana"},
{"id":74,"alpha2":"bv","alpha3":"bvt","name":"Bouvet"},
{"id":76,"alpha2":"br","alpha3":"bra","name":"Brazilië"},
{"id":92,"alpha2":"vg","alpha3":"vgb","name":"Britse Maagdeneilanden"},
{"id":86,"alpha2":"io","alpha3":"iot","name":"Brits Indische Oceaanterritorium"},
{"id":96,"alpha2":"bn","alpha3":"brn","name":"Brunei"},
{"id":100,"alpha2":"bg","alpha3":"bgr","name":"Bulgarije"},
{"id":854,"alpha2":"bf","alpha3":"bfa","name":"Burkina Faso"},
{"id":108,"alpha2":"bi","alpha3":"bdi","name":"Burundi"},
{"id":116,"alpha2":"kh","alpha3":"khm","name":"Cambodja"},
{"id":124,"alpha2":"ca","alpha3":"can","name":"Canada"},
{"id":535,"alpha2":"bq","alpha3":"bes","name":"Caribisch Nederland"},
{"id":140,"alpha2":"cf","alpha3":"caf","name":"Centraal-Afrikaanse Republiek"},
{"id":152,"alpha2":"cl","alpha3":"chl","name":"Chili"},
{"id":156,"alpha2":"cn","alpha3":"chn","name":"China"},
{"id":162,"alpha2":"cx","alpha3":"cxr","name":"Christmaseiland"},
{"id":166,"alpha2":"cc","alpha3":"cck","name":"Cocoseilanden"},
{"id":170,"alpha2":"co","alpha3":"col","name":"Colombia"},
{"id":174,"alpha2":"km","alpha3":"com","name":"Comoren"},
{"id":178,"alpha2":"cg","alpha3":"cog","name":"Congo-Brazzaville"},
{"id":180,"alpha2":"cd","alpha3":"cod","name":"Congo-Kinshasa"},
{"id":184,"alpha2":"ck","alpha3":"cok","name":"Cookeilanden"},
{"id":188,"alpha2":"cr","alpha3":"cri","name":"Costa Rica"},
{"id":192,"alpha2":"cu","alpha3":"cub","name":"Cuba"},
{"id":531,"alpha2":"cw","alpha3":"cuw","name":"Curaçao"},
{"id":196,"alpha2":"cy","alpha3":"cyp","name":"Cyprus"},
{"id":208,"alpha2":"dk","alpha3":"dnk","name":"Denemarken"},
{"id":262,"alpha2":"dj","alpha3":"dji","name":"Djibouti"},
{"id":212,"alpha2":"dm","alpha3":"dma","name":"Dominica"},
{"id":214,"alpha2":"do","alpha3":"dom","name":"Dominicaanse Republiek"},
{"id":276,"alpha2":"de","alpha3":"deu","name":"Duitsland"},
{"id":218,"alpha2":"ec","alpha3":"ecu","name":"Ecuador"},
{"id":818,"alpha2":"eg","alpha3":"egy","name":"Egypte"},
{"id":222,"alpha2":"sv","alpha3":"slv","name":"El Salvador"},
{"id":226,"alpha2":"gq","alpha3":"gnq","name":"Equatoriaal-Guinea"},
{"id":232,"alpha2":"er","alpha3":"eri","name":"Eritrea"},
{"id":233,"alpha2":"ee","alpha3":"est","name":"Estland"},
{"id":231,"alpha2":"et","alpha3":"eth","name":"Ethiopië"},
{"id":234,"alpha2":"fo","alpha3":"fro","name":"Faeröer"},
{"id":238,"alpha2":"fk","alpha3":"flk","name":"Falklandeilanden"},
{"id":242,"alpha2":"fj","alpha3":"fji","name":"Fiji"},
{"id":608,"alpha2":"ph","alpha3":"phl","name":"Filipijnen"},
{"id":246,"alpha2":"fi","alpha3":"fin","name":"Finland"},
{"id":250,"alpha2":"fr","alpha3":"fra","name":"Frankrijk"},
{"id":260,"alpha2":"tf","alpha3":"atf","name":"Franse Zuidelijke Gebieden"},
{"id":254,"alpha2":"gf","alpha3":"guf","name":"Frans-Guyana"},
{"id":258,"alpha2":"pf","alpha3":"pyf","name":"Frans-Polynesië"},
{"id":266,"alpha2":"ga","alpha3":"gab","name":"Gabon"},
{"id":270,"alpha2":"gm","alpha3":"gmb","name":"Gambia"},
{"id":268,"alpha2":"ge","alpha3":"geo","name":"Georgië"},
{"id":288,"alpha2":"gh","alpha3":"gha","name":"Ghana"},
{"id":292,"alpha2":"gi","alpha3":"gib","name":"Gibraltar"},
{"id":308,"alpha2":"gd","alpha3":"grd","name":"Grenada"},
{"id":300,"alpha2":"gr","alpha3":"grc","name":"Griekenland"},
{"id":304,"alpha2":"gl","alpha3":"grl","name":"Groenland"},
{"id":312,"alpha2":"gp","alpha3":"glp","name":"Guadeloupe"},
{"id":316,"alpha2":"gu","alpha3":"gum","name":"Guam"},
{"id":320,"alpha2":"gt","alpha3":"gtm","name":"Guatemala"},
{"id":831,"alpha2":"gg","alpha3":"ggy","name":"Guernsey"},
{"id":324,"alpha2":"gn","alpha3":"gin","name":"Guinee"},
{"id":624,"alpha2":"gw","alpha3":"gnb","name":"Guinee-Bissau"},
{"id":328,"alpha2":"gy","alpha3":"guy","name":"Guyana"},
{"id":332,"alpha2":"ht","alpha3":"hti","name":"Haïti"},
{"id":334,"alpha2":"hm","alpha3":"hmd","name":"Heard en McDonaldeilanden"},
{"id":340,"alpha2":"hn","alpha3":"hnd","name":"Honduras"},
{"id":348,"alpha2":"hu","alpha3":"hun","name":"Hongarije"},
{"id":344,"alpha2":"hk","alpha3":"hkg","name":"Hongkong"},
{"id":372,"alpha2":"ie","alpha3":"irl","name":"Ierland"},
{"id":352,"alpha2":"is","alpha3":"isl","name":"IJsland"},
{"id":356,"alpha2":"in","alpha3":"ind","name":"India"},
{"id":360,"alpha2":"id","alpha3":"idn","name":"Indonesië"},
{"id":368,"alpha2":"iq","alpha3":"irq","name":"Irak"},
{"id":364,"alpha2":"ir","alpha3":"irn","name":"Iran"},
{"id":376,"alpha2":"il","alpha3":"isr","name":"Israël"},
{"id":380,"alpha2":"it","alpha3":"ita","name":"Italië"},
{"id":384,"alpha2":"ci","alpha3":"civ","name":"Ivoorkust"},
{"id":388,"alpha2":"jm","alpha3":"jam","name":"Jamaica"},
{"id":392,"alpha2":"jp","alpha3":"jpn","name":"Japan"},
{"id":887,"alpha2":"ye","alpha3":"yem","name":"Jemen"},
{"id":832,"alpha2":"je","alpha3":"jey","name":"Jersey"},
{"id":400,"alpha2":"jo","alpha3":"jor","name":"Jordanië"},
{"id":136,"alpha2":"ky","alpha3":"cym","name":"Kaaimaneilanden"},
{"id":132,"alpha2":"cv","alpha3":"cpv","name":"Kaapverdië"},
{"id":120,"alpha2":"cm","alpha3":"cmr","name":"Kameroen"},
{"id":398,"alpha2":"kz","alpha3":"kaz","name":"Kazachstan"},
{"id":404,"alpha2":"ke","alpha3":"ken","name":"Kenia"},
{"id":417,"alpha2":"kg","alpha3":"kgz","name":"Kirgizië"},
{"id":296,"alpha2":"ki","alpha3":"kir","name":"Kiribati"},
{"id":581,"alpha2":"um","alpha3":"umi","name":"Kleine afgelegen eilanden van de Verenigde Staten"},
{"id":414,"alpha2":"kw","alpha3":"kwt","name":"Koeweit"},
{"id":191,"alpha2":"hr","alpha3":"hrv","name":"Kroatië"},
{"id":418,"alpha2":"la","alpha3":"lao","name":"Laos"},
{"id":426,"alpha2":"ls","alpha3":"lso","name":"Lesotho"},
{"id":428,"alpha2":"lv","alpha3":"lva","name":"Letland"},
{"id":422,"alpha2":"lb","alpha3":"lbn","name":"Libanon"},
{"id":430,"alpha2":"lr","alpha3":"lbr","name":"Liberia"},
{"id":434,"alpha2":"ly","alpha3":"lby","name":"Libië"},
{"id":438,"alpha2":"li","alpha3":"lie","name":"Liechtenstein"},
{"id":440,"alpha2":"lt","alpha3":"ltu","name":"Litouwen"},
{"id":442,"alpha2":"lu","alpha3":"lux","name":"Luxemburg"},
{"id":446,"alpha2":"mo","alpha3":"mac","name":"Macau"},
{"id":450,"alpha2":"mg","alpha3":"mdg","name":"Madagaskar"},
{"id":454,"alpha2":"mw","alpha3":"mwi","name":"Malawi"},
{"id":462,"alpha2":"mv","alpha3":"mdv","name":"Malediven"},
{"id":458,"alpha2":"my","alpha3":"mys","name":"Maleisië"},
{"id":466,"alpha2":"ml","alpha3":"mli","name":"Mali"},
{"id":470,"alpha2":"mt","alpha3":"mlt","name":"Malta"},
{"id":833,"alpha2":"im","alpha3":"imn","name":"Man"},
{"id":504,"alpha2":"ma","alpha3":"mar","name":"Marokko"},
{"id":584,"alpha2":"mh","alpha3":"mhl","name":"Marshalleilanden"},
{"id":474,"alpha2":"mq","alpha3":"mtq","name":"Martinique"},
{"id":478,"alpha2":"mr","alpha3":"mrt","name":"Mauritanië"},
{"id":480,"alpha2":"mu","alpha3":"mus","name":"Mauritius"},
{"id":175,"alpha2":"yt","alpha3":"myt","name":"Mayotte"},
{"id":484,"alpha2":"mx","alpha3":"mex","name":"Mexico"},
{"id":583,"alpha2":"fm","alpha3":"fsm","name":"Micronesië"},
{"id":498,"alpha2":"md","alpha3":"mda","name":"Moldavië"},
{"id":492,"alpha2":"mc","alpha3":"mco","name":"Monaco"},
{"id":496,"alpha2":"mn","alpha3":"mng","name":"Mongolië"},
{"id":499,"alpha2":"me","alpha3":"mne","name":"Montenegro"},
{"id":500,"alpha2":"ms","alpha3":"msr","name":"Montserrat"},
{"id":508,"alpha2":"mz","alpha3":"moz","name":"Mozambique"},
{"id":104,"alpha2":"mm","alpha3":"mmr","name":"Myanmar"},
{"id":516,"alpha2":"na","alpha3":"nam","name":"Namibië"},
{"id":520,"alpha2":"nr","alpha3":"nru","name":"Nauru"},
{"id":528,"alpha2":"nl","alpha3":"nld","name":"Nederland"},
{"id":524,"alpha2":"np","alpha3":"npl","name":"Nepal"},
{"id":558,"alpha2":"ni","alpha3":"nic","name":"Nicaragua"},
{"id":540,"alpha2":"nc","alpha3":"ncl","name":"Nieuw-Caledonië"},
{"id":554,"alpha2":"nz","alpha3":"nzl","name":"Nieuw-Zeeland"},
{"id":562,"alpha2":"ne","alpha3":"ner","name":"Niger"},
{"id":566,"alpha2":"ng","alpha3":"nga","name":"Nigeria"},
{"id":570,"alpha2":"nu","alpha3":"niu","name":"Niue"},
{"id":580,"alpha2":"mp","alpha3":"mnp","name":"Noordelijke Marianen"},
{"id":408,"alpha2":"kp","alpha3":"prk","name":"Noord-Korea"},
{"id":807,"alpha2":"mk","alpha3":"mkd","name":"Noord-Macedonië"},
{"id":578,"alpha2":"no","alpha3":"nor","name":"Noorwegen"},
{"id":574,"alpha2":"nf","alpha3":"nfk","name":"Norfolk"},
{"id":800,"alpha2":"ug","alpha3":"uga","name":"Oeganda"},
{"id":804,"alpha2":"ua","alpha3":"ukr","name":"Oekraïne"},
{"id":860,"alpha2":"uz","alpha3":"uzb","name":"Oezbekistan"},
{"id":512,"alpha2":"om","alpha3":"omn","name":"Oman"},
{"id":40,"alpha2":"at","alpha3":"aut","name":"Oostenrijk"},
{"id":626,"alpha2":"tl","alpha3":"tls","name":"Oost-Timor"},
{"id":586,"alpha2":"pk","alpha3":"pak","name":"Pakistan"},
{"id":585,"alpha2":"pw","alpha3":"plw","name":"Palau"},
{"id":275,"alpha2":"ps","alpha3":"pse","name":"Palestina"},
{"id":591,"alpha2":"pa","alpha3":"pan","name":"Panama"},
{"id":598,"alpha2":"pg","alpha3":"png","name":"Papoea-Nieuw-Guinea"},
{"id":600,"alpha2":"py","alpha3":"pry","name":"Paraguay"},
{"id":604,"alpha2":"pe","alpha3":"per","name":"Peru"},
{"id":612,"alpha2":"pn","alpha3":"pcn","name":"Pitcairneilanden"},
{"id":616,"alpha2":"pl","alpha3":"pol","name":"Polen"},
{"id":620,"alpha2":"pt","alpha3":"prt","name":"Portugal"},
{"id":630,"alpha2":"pr","alpha3":"pri","name":"Puerto Rico"},
{"id":634,"alpha2":"qa","alpha3":"qat","name":"Qatar"},
{"id":638,"alpha2":"re","alpha3":"reu","name":"Réunion"},
{"id":642,"alpha2":"ro","alpha3":"rou","name":"Roemenië"},
{"id":643,"alpha2":"ru","alpha3":"rus","name":"Rusland"},
{"id":646,"alpha2":"rw","alpha3":"rwa","name":"Rwanda"},
{"id":652,"alpha2":"bl","alpha3":"blm","name":"Saint-Barthélemy"},
{"id":659,"alpha2":"kn","alpha3":"kna","name":"Saint Kitts en Nevis"},
{"id":662,"alpha2":"lc","alpha3":"lca","name":"Saint Lucia"},
{"id":666,"alpha2":"pm","alpha3":"spm","name":"Saint-Pierre en Miquelon"},
{"id":670,"alpha2":"vc","alpha3":"vct","name":"Saint Vincent en de Grenadines"},
{"id":90,"alpha2":"sb","alpha3":"slb","name":"Salomonseilanden"},
{"id":882,"alpha2":"ws","alpha3":"wsm","name":"Samoa"},
{"id":674,"alpha2":"sm","alpha3":"smr","name":"San Marino"},
{"id":682,"alpha2":"sa","alpha3":"sau","name":"Saoedi-Arabië"},
{"id":678,"alpha2":"st","alpha3":"stp","name":"Sao Tomé en Principe"},
{"id":686,"alpha2":"sn","alpha3":"sen","name":"Senegal"},
{"id":688,"alpha2":"rs","alpha3":"srb","name":"Servië"},
{"id":690,"alpha2":"sc","alpha3":"syc","name":"Seychellen"},
{"id":694,"alpha2":"sl","alpha3":"sle","name":"Sierra Leone"},
{"id":702,"alpha2":"sg","alpha3":"sgp","name":"Singapore"},
{"id":654,"alpha2":"sh","alpha3":"shn","name":"Sint-Helena, Ascension en Tristan da Cunha"},
{"id":663,"alpha2":"mf","alpha3":"maf","name":"Saint-Martin"},
{"id":534,"alpha2":"sx","alpha3":"sxm","name":"Sint Maarten"},
{"id":705,"alpha2":"si","alpha3":"svn","name":"Slovenië"},
{"id":703,"alpha2":"sk","alpha3":"svk","name":"Slowakije"},
{"id":729,"alpha2":"sd","alpha3":"sdn","name":"Soedan"},
{"id":706,"alpha2":"so","alpha3":"som","name":"Somalië"},
{"id":724,"alpha2":"es","alpha3":"esp","name":"Spanje"},
{"id":744,"alpha2":"sj","alpha3":"sjm","name":"Spitsbergen en Jan Mayen"},
{"id":144,"alpha2":"lk","alpha3":"lka","name":"Sri Lanka"},
{"id":740,"alpha2":"sr","alpha3":"sur","name":"Suriname"},
{"id":748,"alpha2":"sz","alpha3":"swz","name":"Swaziland"},
{"id":760,"alpha2":"sy","alpha3":"syr","name":"Syrië"},
{"id":762,"alpha2":"tj","alpha3":"tjk","name":"Tadzjikistan"},
{"id":158,"alpha2":"tw","alpha3":"twn","name":"Taiwan"},
{"id":834,"alpha2":"tz","alpha3":"tza","name":"Tanzania"},
{"id":764,"alpha2":"th","alpha3":"tha","name":"Thailand"},
{"id":768,"alpha2":"tg","alpha3":"tgo","name":"Togo"},
{"id":772,"alpha2":"tk","alpha3":"tkl","name":"Tokelau"},
{"id":776,"alpha2":"to","alpha3":"ton","name":"Tonga"},
{"id":780,"alpha2":"tt","alpha3":"tto","name":"Trinidad en Tobago"},
{"id":148,"alpha2":"td","alpha3":"tcd","name":"Tsjaad"},
{"id":203,"alpha2":"cz","alpha3":"cze","name":"Tsjechië"},
{"id":788,"alpha2":"tn","alpha3":"tun","name":"Tunesië"},
{"id":792,"alpha2":"tr","alpha3":"tur","name":"Turkije"},
{"id":795,"alpha2":"tm","alpha3":"tkm","name":"Turkmenistan"},
{"id":796,"alpha2":"tc","alpha3":"tca","name":"Turks- en Caicoseilanden"},
{"id":798,"alpha2":"tv","alpha3":"tuv","name":"Tuvalu"},
{"id":858,"alpha2":"uy","alpha3":"ury","name":"Uruguay"},
{"id":548,"alpha2":"vu","alpha3":"vut","name":"Vanuatu"},
{"id":336,"alpha2":"va","alpha3":"vat","name":"Vaticaanstad"},
{"id":862,"alpha2":"ve","alpha3":"ven","name":"Venezuela"},
{"id":784,"alpha2":"ae","alpha3":"are","name":"Verenigde Arabische Emiraten"},
{"id":840,"alpha2":"us","alpha3":"usa","name":"Verenigde Staten"},
{"id":826,"alpha2":"gb","alpha3":"gbr","name":"Verenigd Koninkrijk"},
{"id":704,"alpha2":"vn","alpha3":"vnm","name":"Vietnam"},
{"id":876,"alpha2":"wf","alpha3":"wlf","name":"Wallis en Futuna"},
{"id":732,"alpha2":"eh","alpha3":"esh","name":"Westelijke Sahara\/SADR"},
{"id":112,"alpha2":"by","alpha3":"blr","name":"Wit-Rusland"},
{"id":894,"alpha2":"zm","alpha3":"zmb","name":"Zambia"},
{"id":716,"alpha2":"zw","alpha3":"zwe","name":"Zimbabwe"},
{"id":710,"alpha2":"za","alpha3":"zaf","name":"Zuid-Afrika"},
{"id":239,"alpha2":"gs","alpha3":"sgs","name":"Zuid-Georgia en de Zuidelijke Sandwicheilanden"},
{"id":410,"alpha2":"kr","alpha3":"kor","name":"Zuid-Korea"},
{"id":728,"alpha2":"ss","alpha3":"ssd","name":"Zuid-Soedan"},
{"id":752,"alpha2":"se","alpha3":"swe","name":"Zweden"},
{"id":756,"alpha2":"ch","alpha3":"che","name":"Zwitserland"}]