id,alpha2,alpha3,name
4,af,afg,أفغانستان
8,al,alb,ألبانيا
12,dz,dza,الجزائر
20,ad,and,أندورا
24,ao,ago,أنغولا
28,ag,atg,"أنتيغوا وباربودا"
32,ar,arg,الأرجنتين
51,am,arm,أرمينيا
36,au,aus,أستراليا
40,at,aut,النمسا
31,az,aze,أذربيجان
44,bs,bhs,باهاماس
48,bh,bhr,البحرين
50,bd,bgd,بنغلاديش
52,bb,brb,باربادوس
112,by,blr,بيلاروس
56,be,bel,بلجيكا
84,bz,blz,بليز
204,bj,ben,بنين
64,bt,btn,بوتان
68,bo,bol,بوليفيا
70,ba,bih,"البوسنة والهرسك"
72,bw,bwa,بوتسوانا
76,br,bra,البرازيل
96,bn,brn,بروناي
100,bg,bgr,بلغاريا
854,bf,bfa,"بوركينا فاسو"
108,bi,bdi,بوروندي
116,kh,khm,كمبوديا
120,cm,cmr,الكاميرون
124,ca,can,كندا
132,cv,cpv,"الرأس الأخضر"
140,cf,caf,"جمهورية إفريقيا الوسطى"
148,td,tcd,تشاد
152,cl,chl,تشيلي
156,cn,chn,الصين
170,co,col,كولومبيا
174,km,com,"جزر القمر"
178,cg,cog,"جمهورية الكونغو"
180,cd,cod,"جمهورية الكونغو الديمقراطية"
188,cr,cri,كوستاريكا
384,ci,civ,"ساحل العاج"
191,hr,hrv,كرواتيا
192,cu,cub,كوبا
196,cy,cyp,قبرص
203,cz,cze,"جمهورية التشيك"
208,dk,dnk,الدنمارك
262,dj,dji,جيبوتي
212,dm,dma,دومينيكا
214,do,dom,"جمهورية الدومينيكان"
218,ec,ecu,الإكوادور
818,eg,egy,مصر
222,sv,slv,السلفادور
226,gq,gnq,"غينيا الاستوائية"
232,er,eri,إريتريا
233,ee,est,إستونيا
231,et,eth,إثيوبيا
242,fj,fji,فيجي
246,fi,fin,فنلندا
250,fr,fra,فرنسا
266,ga,gab,الغابون
270,gm,gmb,غامبيا
268,ge,geo,جورجيا
276,de,deu,ألمانيا
288,gh,gha,غانا
300,gr,grc,اليونان
308,gd,grd,غرينادا
320,gt,gtm,غواتيمالا
324,gn,gin,غينيا
624,gw,gnb,"غينيا بيساو"
328,gy,guy,غيانا
332,ht,hti,هايتي
340,hn,hnd,هندوراس
348,hu,hun,المجر
352,is,isl,آيسلندا
356,in,ind,الهند
360,id,idn,إندونيسيا
364,ir,irn,إيران
368,iq,irq,العراق
372,ie,irl,أيرلندا
376,il,isr,إسرائيل
380,it,ita,إيطاليا
388,jm,jam,جامايكا
392,jp,jpn,اليابان
400,jo,jor,الأردن
398,kz,kaz,كازاخستان
404,ke,ken,كينيا
296,ki,kir,كيريباتي
408,kp,prk,"كوريا الشمالية"
410,kr,kor,"كوريا الجنوبية"
414,kw,kwt,الكويت
417,kg,kgz,قيرغيزستان
418,la,lao,لاوس
428,lv,lva,لاتفيا
422,lb,lbn,لبنان
426,ls,lso,ليسوتو
430,lr,lbr,ليبيريا
434,ly,lby,ليبيا
438,li,lie,ليختنشتاين
440,lt,ltu,ليتوانيا
442,lu,lux,لوكسمبورغ
807,mk,mkd,مقدونيا
450,mg,mdg,مدغشقر
454,mw,mwi,مالاوي
458,my,mys,ماليزيا
462,mv,mdv,"جزر المالديف"
466,ml,mli,مالي
470,mt,mlt,مالطا
584,mh,mhl,"جزر مارشال"
478,mr,mrt,موريتانيا
480,mu,mus,موريشيوس
484,mx,mex,المكسيك
583,fm,fsm,"ولايات ميكرونيسيا المتحدة"
504,ma,mar,المغرب
498,md,mda,مولدوفا
492,mc,mco,موناكو
496,mn,mng,منغوليا
499,me,mne,"الجبل الأسود"
508,mz,moz,موزمبيق
104,mm,mmr,ميانمار
516,na,nam,ناميبيا
520,nr,nru,ناورو
524,np,npl,نيبال
528,nl,nld,هولندا
554,nz,nzl,نيوزيلندا
558,ni,nic,نيكاراغوا
562,ne,ner,النيجر
566,ng,nga,نيجيريا
578,no,nor,النرويج
512,om,omn,عُمان
586,pk,pak,باكستان
585,pw,plw,بالاو
591,pa,pan,بنما
598,pg,png,"بابوا غينيا الجديدة"
600,py,pry,باراغواي
604,pe,per,بيرو
608,ph,phl,الفلبين
616,pl,pol,بولندا
620,pt,prt,البرتغال
634,qa,qat,قطر
642,ro,rou,رومانيا
643,ru,rus,روسيا
646,rw,rwa,رواندا
659,kn,kna,"سانت كيتس ونيفيس"
662,lc,lca,"سانت لوسيا"
670,vc,vct,"سانت فينسنت والغرينادين"
882,ws,wsm,ساموا
674,sm,smr,"سان مارينو"
678,st,stp,"ساو تومي وبرينسيب"
682,sa,sau,السعودية
686,sn,sen,السنغال
688,rs,srb,صربيا
690,sc,syc,سيشل
694,sl,sle,سيراليون
702,sg,sgp,سنغافورة
703,sk,svk,سلوفاكيا
705,si,svn,سلوفينيا
90,sb,slb,"جزر سليمان"
706,so,som,الصومال
710,za,zaf,"جنوب إفريقيا"
728,ss,ssd,"جنوب السودان"
724,es,esp,إسبانيا
144,lk,lka,سريلانكا
729,sd,sdn,السودان
740,sr,sur,سورينام
748,sz,swz,إسواتيني
752,se,swe,السويد
756,ch,che,سويسرا
760,sy,syr,سوريا
762,tj,tjk,طاجيكستان
834,tz,tza,تنزانيا
764,th,tha,تايلاند
626,tl,tls,"تيمور الشرقية"
768,tg,tgo,توغو
776,to,ton,تونغا
780,tt,tto,"ترينيداد وتوباغو"
788,tn,tun,تونس
792,tr,tur,تركيا
795,tm,tkm,تركمانستان
798,tv,tuv,توفالو
800,ug,uga,أوغندا
804,ua,ukr,أوكرانيا
784,ae,are,"الإمارات العربية المتحدة"
826,gb,gbr,"المملكة المتحدة"
840,us,usa,"الولايات المتحدة"
858,uy,ury,الأوروغواي
860,uz,uzb,أوزبكستان
548,vu,vut,فانواتو
862,ve,ven,فنزويلا
704,vn,vnm,فيتنام
887,ye,yem,اليمن
894,zm,zmb,زامبيا
716,zw,zwe,زيمبابوي
