id,alpha2,alpha3,name
20,ad,and,Անդորրա
784,ae,are,"Արաբական Միացյալ Էմիրություններ"
4,af,afg,Աֆղանստան
28,ag,atg,"Անտիգուա և Բարբուդա"
8,al,alb,Ալբանիա
51,am,arm,Հայաստան
24,ao,ago,Անգոլա
32,ar,arg,Արգենտինա
40,at,aut,Ավստրիա
36,au,aus,Ավստրալիա
31,az,aze,Ադրբեջան
70,ba,bih,"Բոսնիա և Հերցեգովինա"
52,bb,brb,Բարբադոս
50,bd,bgd,Բանգլադեշ
56,be,bel,Բելգիա
854,bf,bfa,"Բուրկինա Ֆասո"
100,bg,bgr,Բուլղարիա
48,bh,bhr,Բահրեյն
108,bi,bdi,Բուրունդի
204,bj,ben,Բենին
96,bn,brn,Բրունեյ
68,bo,bol,Բոլիվիա
76,br,bra,Բրազիլիա
44,bs,bhs,Բահամներ
64,bt,btn,Բութան
72,bw,bwa,Բոտսվանա
112,by,blr,Բելառուս
84,bz,blz,Բելիզ
124,ca,can,Կանադա
180,cd,cod,"Կոնգոյի Դեմոկրատական Հանրապետություն"
140,cf,caf,"Կենտրոնաաֆրիկյան Հանրապետություն"
178,cg,cog,"Կոնգոյի Հանրապետություն"
756,ch,che,Շվեյցարիա
384,ci,civ,"Կոտ դ'Իվուար"
152,cl,chl,Չիլի
120,cm,cmr,Կամերուն
156,cn,chn,Չինաստան
170,co,col,Կոլումբիա
188,cr,cri,"Կոստա Ռիկա"
192,cu,cub,Կուբա
132,cv,cpv,"Կաբո Վերդե"
196,cy,cyp,Կիպրոս
203,cz,cze,Չեխիա
276,de,deu,Գերմանիա
262,dj,dji,Ջիբութի
208,dk,dnk,Դանիա
212,dm,dma,Դոմինիկա
214,do,dom,"Դոմինիկյան Հանրապետություն"
12,dz,dza,Ալժիր
218,ec,ecu,Էկվադոր
233,ee,est,Էստոնիա
818,eg,egy,Եգիպտոս
232,er,eri,Էրիտրեա
724,es,esp,Իսպանիա
231,et,eth,Եթովպիա
246,fi,fin,Ֆինլանդիա
242,fj,fji,Ֆիջի
583,fm,fsm,Միկրոնեզիա
250,fr,fra,Ֆրանսիա
266,ga,gab,Գաբոն
826,gb,gbr,"Մեծ Բրիտանիա"
308,gd,grd,Գրենադա
268,ge,geo,Վրաստան
288,gh,gha,Գանա
270,gm,gmb,Գամբիա
324,gn,gin,Գվինեա
226,gq,gnq,"Հասարակածային Գվինեա"
300,gr,grc,Հունաստան
320,gt,gtm,Գվատեմալա
624,gw,gnb,Գվինեա-Բիսաու
328,gy,guy,Գայանա
340,hn,hnd,Հոնդուրաս
191,hr,hrv,Խորվաթիա
332,ht,hti,Հայիթի
348,hu,hun,Հունգարիա
360,id,idn,Ինդոնեզիա
372,ie,irl,Իռլանդիա
376,il,isr,Իսրայել
356,in,ind,Հնդկաստան
368,iq,irq,Իրաք
364,ir,irn,Իրան
352,is,isl,Իսլանդիա
380,it,ita,Իտալիա
388,jm,jam,Ճամայկա
400,jo,jor,Հորդանան
392,jp,jpn,Ճապոնիա
404,ke,ken,Քենիա
417,kg,kgz,Ղրղզստան
116,kh,khm,Կամբոջա
296,ki,kir,Կիրիբատի
174,km,com,Կոմորներ
659,kn,kna,"Սենտ Կիտս և Նևիս"
408,kp,prk,"Հյուսիսային Կորեա"
410,kr,kor,"Հարավային Կորեա"
414,kw,kwt,Քուվեյթ
398,kz,kaz,Ղազախստան
418,la,lao,Լաոս
422,lb,lbn,Լիբանան
662,lc,lca,"Սենթ Լյուսիա"
438,li,lie,Լիխտենշտայն
144,lk,lka,"Շրի Լանկա"
430,lr,lbr,Լիբերիա
426,ls,lso,Լեսոթո
440,lt,ltu,Լիտվա
442,lu,lux,Լյուքսեմբուրգ
428,lv,lva,Լատվիա
434,ly,lby,Լիբիա
504,ma,mar,Մարոկկո
492,mc,mco,Մոնակո
498,md,mda,Մոլդովա
499,me,mne,Չեռնոգորիա
450,mg,mdg,Մադագասկար
584,mh,mhl,"Մարշալյան կղզիներ"
807,mk,mkd,"Հյուսիսային Մակեդոնիա"
466,ml,mli,Մալի
104,mm,mmr,Մյանմա
496,mn,mng,Մոնղոլիա
478,mr,mrt,Մավրիտանիա
470,mt,mlt,Մալթա
480,mu,mus,Մավրիկիոս
462,mv,mdv,Մալդիվներ
454,mw,mwi,Մալավի
484,mx,mex,Մեքսիկա
458,my,mys,Մալայզիա
508,mz,moz,Մոզամբիկ
516,na,nam,Նամիբիա
562,ne,ner,Նիգեր
566,ng,nga,Նիգերիա
558,ni,nic,Նիկարագուա
528,nl,nld,Նիդերլանդներ
578,no,nor,Նորվեգիա
524,np,npl,Նեպալ
520,nr,nru,Նաուրու
554,nz,nzl,"Նոր Զելանդիա"
512,om,omn,Օման
591,pa,pan,Պանամա
604,pe,per,Պերու
598,pg,png,"Պապուա Նոր Գվինեա"
608,ph,phl,Ֆիլիպիններ
586,pk,pak,Պակիստան
616,pl,pol,Լեհաստան
620,pt,prt,Պորտուգալիա
585,pw,plw,Պալաու
600,py,pry,Պարագվայ
634,qa,qat,Կատար
642,ro,rou,Ռումինիա
688,rs,srb,Սերբիա
643,ru,rus,Ռուսաստան
646,rw,rwa,Ռուանդա
682,sa,sau,"Սաուդյան Արաբիա"
90,sb,slb,"Սողոմոնյան Կղզիներ"
690,sc,syc,Սեյշելներ
729,sd,sdn,Սուդան
752,se,swe,Շվեդիա
702,sg,sgp,Սինգապուր
705,si,svn,Սլովենիա
703,sk,svk,Սլովակիա
694,sl,sle,"Սիեռա Լեոնե"
674,sm,smr,"Սան Մարինո"
686,sn,sen,Սենեգալ
706,so,som,Սոմալի
740,sr,sur,Սուրինամ
728,ss,ssd,"Հարավային Սուդան"
678,st,stp,"Սան Տոմե և Պրինսիպի"
222,sv,slv,Սալվադոր
760,sy,syr,Սիրիա
748,sz,swz,Էսվատինի
148,td,tcd,Չադ
768,tg,tgo,Տոգո
764,th,tha,Թաիլանդ
762,tj,tjk,Տաջիկստան
626,tl,tls,"Արևելյան Թիմոր"
795,tm,tkm,Թուրքմենստան
788,tn,tun,Թունիս
776,to,ton,Տոնգա
792,tr,tur,Թուրքիա
780,tt,tto,"Տրինիդադ և Տոբագո"
798,tv,tuv,Տուվալու
834,tz,tza,Տանզանիա
804,ua,ukr,Ուկրաինա
800,ug,uga,Ուգանդա
840,us,usa,ԱՄՆ
858,uy,ury,Ուրուգվայ
860,uz,uzb,Ուզբեկստան
670,vc,vct,"Սենտ Վինսենտ և Գրենադիներ"
862,ve,ven,Վենեսուելա
704,vn,vnm,Վիետնամ
548,vu,vut,Վանուատու
882,ws,wsm,Սամոա
887,ye,yem,Եմեն
710,za,zaf,"Հարավաֆրիկյան Հանրապետություն"
894,zm,zmb,Զամբիա
716,zw,zwe,Զիմբաբվե
