<?xml version="1.0" encoding="UTF-8"?>
<countries>
    <country id="20" alpha2="ad" alpha3="and" name="Անդորրա"/>
    <country id="784" alpha2="ae" alpha3="are" name="Արաբական Միացյալ Էմիրություններ"/>
    <country id="4" alpha2="af" alpha3="afg" name="Աֆղանստան"/>
    <country id="28" alpha2="ag" alpha3="atg" name="Անտիգուա և Բարբուդա"/>
    <country id="660" alpha2="ai" alpha3="aia" name="Անգիլիա"/>
    <country id="8" alpha2="al" alpha3="alb" name="Ալբանիա"/>
    <country id="51" alpha2="am" alpha3="arm" name="Հայաստան"/>
    <country id="24" alpha2="ao" alpha3="ago" name="Անգոլա"/>
    <country id="10" alpha2="aq" alpha3="ata" name="Անտարկտիդա"/>
    <country id="32" alpha2="ar" alpha3="arg" name="Արգենտինա"/>
    <country id="16" alpha2="as" alpha3="asm" name="Ամերիկյան Սամոա"/>
    <country id="40" alpha2="at" alpha3="aut" name="Ավստրիա"/>
    <country id="36" alpha2="au" alpha3="aus" name="Ավստրալիա"/>
    <country id="533" alpha2="aw" alpha3="abw" name="Արուբա"/>
    <country id="248" alpha2="ax" alpha3="ala" name="Ալանդյան կղզիներ"/>
    <country id="31" alpha2="az" alpha3="aze" name="Ադրբեջան"/>
    <country id="70" alpha2="ba" alpha3="bih" name="Բոսնիա և Հերցեգովինա"/>
    <country id="52" alpha2="bb" alpha3="brb" name="Բարբադոս"/>
    <country id="50" alpha2="bd" alpha3="bgd" name="Բանգլադեշ"/>
    <country id="56" alpha2="be" alpha3="bel" name="Բելգիա"/>
    <country id="854" alpha2="bf" alpha3="bfa" name="Բուրկինա Ֆասո"/>
    <country id="100" alpha2="bg" alpha3="bgr" name="Բուլղարիա"/>
    <country id="48" alpha2="bh" alpha3="bhr" name="Բահրեյն"/>
    <country id="108" alpha2="bi" alpha3="bdi" name="Բուրունդի"/>
    <country id="204" alpha2="bj" alpha3="ben" name="Բենին"/>
    <country id="652" alpha2="bl" alpha3="blm" name="Սուրբ Բարդուղիմեոսի կղզի"/>
    <country id="60" alpha2="bm" alpha3="bmu" name="Բերմուդա"/>
    <country id="96" alpha2="bn" alpha3="brn" name="Բրունեյ"/>
    <country id="68" alpha2="bo" alpha3="bol" name="Բոլիվիա"/>
    <country id="535" alpha2="bq" alpha3="bes" name="Կարիբյան Նիդերլանդներ"/>
    <country id="76" alpha2="br" alpha3="bra" name="Բրազիլիա"/>
    <country id="44" alpha2="bs" alpha3="bhs" name="Բահամներ"/>
    <country id="64" alpha2="bt" alpha3="btn" name="Բութան"/>
    <country id="74" alpha2="bv" alpha3="bvt" name="Բուվետյան Կղզիներ"/>
    <country id="72" alpha2="bw" alpha3="bwa" name="Բոտսվանա"/>
    <country id="112" alpha2="by" alpha3="blr" name="Բելառուս"/>
    <country id="84" alpha2="bz" alpha3="blz" name="Բելիզ"/>
    <country id="124" alpha2="ca" alpha3="can" name="Կանադա"/>
    <country id="166" alpha2="cc" alpha3="cck" name="Կոկոսյան Կղզիներ"/>
    <country id="180" alpha2="cd" alpha3="cod" name="Կոնգոյի Դեմոկրատական Հանրապետություն"/>
    <country id="140" alpha2="cf" alpha3="caf" name="Կենտրոնաաֆրիկյան Հանրապետություն"/>
    <country id="178" alpha2="cg" alpha3="cog" name="Կոնգոյի Հանրապետություն"/>
    <country id="756" alpha2="ch" alpha3="che" name="Շվեյցարիա"/>
    <country id="384" alpha2="ci" alpha3="civ" name="Կոտ դ'Իվուար"/>
    <country id="184" alpha2="ck" alpha3="cok" name="Կուկի կղզիներ"/>
    <country id="152" alpha2="cl" alpha3="chl" name="Չիլի"/>
    <country id="120" alpha2="cm" alpha3="cmr" name="Կամերուն"/>
    <country id="156" alpha2="cn" alpha3="chn" name="Չինաստան"/>
    <country id="170" alpha2="co" alpha3="col" name="Կոլումբիա"/>
    <country id="188" alpha2="cr" alpha3="cri" name="Կոստա Ռիկա"/>
    <country id="192" alpha2="cu" alpha3="cub" name="Կուբա"/>
    <country id="132" alpha2="cv" alpha3="cpv" name="Կաբո Վերդե"/>
    <country id="531" alpha2="cw" alpha3="cuw" name="Կյուրասաո"/>
    <country id="162" alpha2="cx" alpha3="cxr" name="Ծննդյան կղզիներ"/>
    <country id="196" alpha2="cy" alpha3="cyp" name="Կիպրոս"/>
    <country id="203" alpha2="cz" alpha3="cze" name="Չեխիա"/>
    <country id="276" alpha2="de" alpha3="deu" name="Գերմանիա"/>
    <country id="262" alpha2="dj" alpha3="dji" name="Ջիբութի"/>
    <country id="208" alpha2="dk" alpha3="dnk" name="Դանիա"/>
    <country id="212" alpha2="dm" alpha3="dma" name="Դոմինիկա"/>
    <country id="214" alpha2="do" alpha3="dom" name="Դոմինիկյան Հանրապետություն"/>
    <country id="12" alpha2="dz" alpha3="dza" name="Ալժիր"/>
    <country id="218" alpha2="ec" alpha3="ecu" name="Էկվադոր"/>
    <country id="233" alpha2="ee" alpha3="est" name="Էստոնիա"/>
    <country id="818" alpha2="eg" alpha3="egy" name="Եգիպտոս"/>
    <country id="732" alpha2="eh" alpha3="esh" name="Սահրավիա"/>
    <country id="232" alpha2="er" alpha3="eri" name="Էրիտրեա"/>
    <country id="724" alpha2="es" alpha3="esp" name="Իսպանիա"/>
    <country id="231" alpha2="et" alpha3="eth" name="Եթովպիա"/>
    <country id="246" alpha2="fi" alpha3="fin" name="Ֆինլանդիա"/>
    <country id="242" alpha2="fj" alpha3="fji" name="Ֆիջի"/>
    <country id="238" alpha2="fk" alpha3="flk" name="Ֆոլքլենդյան կղզիներ"/>
    <country id="583" alpha2="fm" alpha3="fsm" name="Միկրոնեզիա"/>
    <country id="234" alpha2="fo" alpha3="fro" name="Ֆարերյան կղզիներ"/>
    <country id="250" alpha2="fr" alpha3="fra" name="Ֆրանսիա"/>
    <country id="266" alpha2="ga" alpha3="gab" name="Գաբոն"/>
    <country id="826" alpha2="gb" alpha3="gbr" name="Մեծ Բրիտանիա"/>
    <country id="308" alpha2="gd" alpha3="grd" name="Գրենադա"/>
    <country id="268" alpha2="ge" alpha3="geo" name="Վրաստան"/>
    <country id="254" alpha2="gf" alpha3="guf" name="Ֆրանսիական Գվիանա"/>
    <country id="831" alpha2="gg" alpha3="ggy" name="Գերնսի"/>
    <country id="288" alpha2="gh" alpha3="gha" name="Գանա"/>
    <country id="292" alpha2="gi" alpha3="gib" name="Ջիբրալթար"/>
    <country id="304" alpha2="gl" alpha3="grl" name="Գրենլանդիա"/>
    <country id="270" alpha2="gm" alpha3="gmb" name="Գամբիա"/>
    <country id="324" alpha2="gn" alpha3="gin" name="Գվինեա"/>
    <country id="312" alpha2="gp" alpha3="glp" name="Գվադելուպա"/>
    <country id="226" alpha2="gq" alpha3="gnq" name="Հասարակածային Գվինեա"/>
    <country id="300" alpha2="gr" alpha3="grc" name="Հունաստան"/>
    <country id="239" alpha2="gs" alpha3="sgs" name="Հարավային Ջորջիա և Հարավային Սանդվիչյան Կղզիներ"/>
    <country id="320" alpha2="gt" alpha3="gtm" name="Գվատեմալա"/>
    <country id="316" alpha2="gu" alpha3="gum" name="Գուամ"/>
    <country id="624" alpha2="gw" alpha3="gnb" name="Գվինեա-Բիսաու"/>
    <country id="328" alpha2="gy" alpha3="guy" name="Գայանա"/>
    <country id="344" alpha2="hk" alpha3="hkg" name="Հոնկոնգ"/>
    <country id="334" alpha2="hm" alpha3="hmd" name="Մքդոնալդի Կղզիներ"/>
    <country id="340" alpha2="hn" alpha3="hnd" name="Հոնդուրաս"/>
    <country id="191" alpha2="hr" alpha3="hrv" name="Խորվաթիա"/>
    <country id="332" alpha2="ht" alpha3="hti" name="Հայիթի"/>
    <country id="348" alpha2="hu" alpha3="hun" name="Հունգարիա"/>
    <country id="360" alpha2="id" alpha3="idn" name="Ինդոնեզիա"/>
    <country id="372" alpha2="ie" alpha3="irl" name="Իռլանդիա"/>
    <country id="376" alpha2="il" alpha3="isr" name="Իսրայել"/>
    <country id="833" alpha2="im" alpha3="imn" name="Մեն կղզի"/>
    <country id="356" alpha2="in" alpha3="ind" name="Հնդկաստան"/>
    <country id="86" alpha2="io" alpha3="iot" name="Բրիտանիայի Հնդկական Օվկիանոսի Տարածք"/>
    <country id="368" alpha2="iq" alpha3="irq" name="Իրաք"/>
    <country id="364" alpha2="ir" alpha3="irn" name="Իրան"/>
    <country id="352" alpha2="is" alpha3="isl" name="Իսլանդիա"/>
    <country id="380" alpha2="it" alpha3="ita" name="Իտալիա"/>
    <country id="832" alpha2="je" alpha3="jey" name="Ջերսի"/>
    <country id="388" alpha2="jm" alpha3="jam" name="Ճամայկա"/>
    <country id="400" alpha2="jo" alpha3="jor" name="Հորդանան"/>
    <country id="392" alpha2="jp" alpha3="jpn" name="Ճապոնիա"/>
    <country id="404" alpha2="ke" alpha3="ken" name="Քենիա"/>
    <country id="417" alpha2="kg" alpha3="kgz" name="Ղրղզստան"/>
    <country id="116" alpha2="kh" alpha3="khm" name="Կամբոջա"/>
    <country id="296" alpha2="ki" alpha3="kir" name="Կիրիբատի"/>
    <country id="174" alpha2="km" alpha3="com" name="Կոմորներ"/>
    <country id="659" alpha2="kn" alpha3="kna" name="Սենտ Կիտս և Նևիս"/>
    <country id="408" alpha2="kp" alpha3="prk" name="Հյուսիսային Կորեա"/>
    <country id="410" alpha2="kr" alpha3="kor" name="Հարավային Կորեա"/>
    <country id="414" alpha2="kw" alpha3="kwt" name="Քուվեյթ"/>
    <country id="136" alpha2="ky" alpha3="cym" name="Կայմանյան կղզիներ"/>
    <country id="398" alpha2="kz" alpha3="kaz" name="Ղազախստան"/>
    <country id="418" alpha2="la" alpha3="lao" name="Լաոս"/>
    <country id="422" alpha2="lb" alpha3="lbn" name="Լիբանան"/>
    <country id="662" alpha2="lc" alpha3="lca" name="Սենթ Լյուսիա"/>
    <country id="438" alpha2="li" alpha3="lie" name="Լիխտենշտայն"/>
    <country id="144" alpha2="lk" alpha3="lka" name="Շրի Լանկա"/>
    <country id="430" alpha2="lr" alpha3="lbr" name="Լիբերիա"/>
    <country id="426" alpha2="ls" alpha3="lso" name="Լեսոթո"/>
    <country id="440" alpha2="lt" alpha3="ltu" name="Լիտվա"/>
    <country id="442" alpha2="lu" alpha3="lux" name="Լյուքսեմբուրգ"/>
    <country id="428" alpha2="lv" alpha3="lva" name="Լատվիա"/>
    <country id="434" alpha2="ly" alpha3="lby" name="Լիբիա"/>
    <country id="504" alpha2="ma" alpha3="mar" name="Մարոկկո"/>
    <country id="492" alpha2="mc" alpha3="mco" name="Մոնակո"/>
    <country id="498" alpha2="md" alpha3="mda" name="Մոլդովա"/>
    <country id="499" alpha2="me" alpha3="mne" name="Չեռնոգորիա"/>
    <country id="663" alpha2="mf" alpha3="maf" name="Սեն Մարտեն"/>
    <country id="450" alpha2="mg" alpha3="mdg" name="Մադագասկար"/>
    <country id="584" alpha2="mh" alpha3="mhl" name="Մարշալյան կղզիներ"/>
    <country id="807" alpha2="mk" alpha3="mkd" name="Հյուսիսային Մակեդոնիա"/>
    <country id="466" alpha2="ml" alpha3="mli" name="Մալի"/>
    <country id="104" alpha2="mm" alpha3="mmr" name="Մյանմա"/>
    <country id="496" alpha2="mn" alpha3="mng" name="Մոնղոլիա"/>
    <country id="446" alpha2="mo" alpha3="mac" name="Մակաու"/>
    <country id="580" alpha2="mp" alpha3="mnp" name="Հյուսիսաին Մարիանյան Կղզիներ"/>
    <country id="474" alpha2="mq" alpha3="mtq" name="Մարտինիկա"/>
    <country id="478" alpha2="mr" alpha3="mrt" name="Մավրիտանիա"/>
    <country id="500" alpha2="ms" alpha3="msr" name="Մոնտսեռատ"/>
    <country id="470" alpha2="mt" alpha3="mlt" name="Մալթա"/>
    <country id="480" alpha2="mu" alpha3="mus" name="Մավրիկիոս"/>
    <country id="462" alpha2="mv" alpha3="mdv" name="Մալդիվներ"/>
    <country id="454" alpha2="mw" alpha3="mwi" name="Մալավի"/>
    <country id="484" alpha2="mx" alpha3="mex" name="Մեքսիկա"/>
    <country id="458" alpha2="my" alpha3="mys" name="Մալայզիա"/>
    <country id="508" alpha2="mz" alpha3="moz" name="Մոզամբիկ"/>
    <country id="516" alpha2="na" alpha3="nam" name="Նամիբիա"/>
    <country id="540" alpha2="nc" alpha3="ncl" name="Նոր Կալեդոնիա"/>
    <country id="562" alpha2="ne" alpha3="ner" name="Նիգեր"/>
    <country id="574" alpha2="nf" alpha3="nfk" name="Նորֆոլք կղզի"/>
    <country id="566" alpha2="ng" alpha3="nga" name="Նիգերիա"/>
    <country id="558" alpha2="ni" alpha3="nic" name="Նիկարագուա"/>
    <country id="528" alpha2="nl" alpha3="nld" name="Նիդերլանդներ"/>
    <country id="578" alpha2="no" alpha3="nor" name="Նորվեգիա"/>
    <country id="524" alpha2="np" alpha3="npl" name="Նեպալ"/>
    <country id="520" alpha2="nr" alpha3="nru" name="Նաուրու"/>
    <country id="570" alpha2="nu" alpha3="niu" name="Նիուե"/>
    <country id="554" alpha2="nz" alpha3="nzl" name="Նոր Զելանդիա"/>
    <country id="512" alpha2="om" alpha3="omn" name="Օման"/>
    <country id="591" alpha2="pa" alpha3="pan" name="Պանամա"/>
    <country id="604" alpha2="pe" alpha3="per" name="Պերու"/>
    <country id="258" alpha2="pf" alpha3="pyf" name="Ֆրանսիական Պոլինեզիա"/>
    <country id="598" alpha2="pg" alpha3="png" name="Պապուա Նոր Գվինեա"/>
    <country id="608" alpha2="ph" alpha3="phl" name="Ֆիլիպիններ"/>
    <country id="586" alpha2="pk" alpha3="pak" name="Պակիստան"/>
    <country id="616" alpha2="pl" alpha3="pol" name="Լեհաստան"/>
    <country id="666" alpha2="pm" alpha3="spm" name="Սեն Պիեռ և Միքելոն"/>
    <country id="612" alpha2="pn" alpha3="pcn" name="Փիթքերն կղզիներ"/>
    <country id="630" alpha2="pr" alpha3="pri" name="Պուերտո Ռիկո"/>
    <country id="275" alpha2="ps" alpha3="pse" name="Պաղեստինյան ազգային վարչություն"/>
    <country id="620" alpha2="pt" alpha3="prt" name="Պորտուգալիա"/>
    <country id="585" alpha2="pw" alpha3="plw" name="Պալաու"/>
    <country id="600" alpha2="py" alpha3="pry" name="Պարագվայ"/>
    <country id="634" alpha2="qa" alpha3="qat" name="Կատար"/>
    <country id="638" alpha2="re" alpha3="reu" name="Ռեյունիոն"/>
    <country id="642" alpha2="ro" alpha3="rou" name="Ռումինիա"/>
    <country id="688" alpha2="rs" alpha3="srb" name="Սերբիա"/>
    <country id="643" alpha2="ru" alpha3="rus" name="Ռուսաստան"/>
    <country id="646" alpha2="rw" alpha3="rwa" name="Ռուանդա"/>
    <country id="682" alpha2="sa" alpha3="sau" name="Սաուդյան Արաբիա"/>
    <country id="90" alpha2="sb" alpha3="slb" name="Սողոմոնյան Կղզիներ"/>
    <country id="690" alpha2="sc" alpha3="syc" name="Սեյշելներ"/>
    <country id="729" alpha2="sd" alpha3="sdn" name="Սուդան"/>
    <country id="752" alpha2="se" alpha3="swe" name="Շվեդիա"/>
    <country id="702" alpha2="sg" alpha3="sgp" name="Սինգապուր"/>
    <country id="654" alpha2="sh" alpha3="shn" name="Սուրբ Հեղինեի կղզի"/>
    <country id="705" alpha2="si" alpha3="svn" name="Սլովենիա"/>
    <country id="744" alpha2="sj" alpha3="sjm" name="Սվալբարդ (Սվալբարդ և Ժան Մայեն)"/>
    <country id="703" alpha2="sk" alpha3="svk" name="Սլովակիա"/>
    <country id="694" alpha2="sl" alpha3="sle" name="Սիեռա Լեոնե"/>
    <country id="674" alpha2="sm" alpha3="smr" name="Սան Մարինո"/>
    <country id="686" alpha2="sn" alpha3="sen" name="Սենեգալ"/>
    <country id="706" alpha2="so" alpha3="som" name="Սոմալի"/>
    <country id="740" alpha2="sr" alpha3="sur" name="Սուրինամ"/>
    <country id="728" alpha2="ss" alpha3="ssd" name="Հարավային Սուդան"/>
    <country id="678" alpha2="st" alpha3="stp" name="Սան Տոմե և Պրինսիպի"/>
    <country id="222" alpha2="sv" alpha3="slv" name="Սալվադոր"/>
    <country id="534" alpha2="sx" alpha3="sxm" name="Սինտ Մաարտեն"/>
    <country id="760" alpha2="sy" alpha3="syr" name="Սիրիա"/>
    <country id="748" alpha2="sz" alpha3="swz" name="Էսվատինի"/>
    <country id="796" alpha2="tc" alpha3="tca" name="Թերքս և Քայքոս կղզիներ"/>
    <country id="148" alpha2="td" alpha3="tcd" name="Չադ"/>
    <country id="260" alpha2="tf" alpha3="atf" name="Ֆրանսիական Հարավային տարածքներ"/>
    <country id="768" alpha2="tg" alpha3="tgo" name="Տոգո"/>
    <country id="764" alpha2="th" alpha3="tha" name="Թաիլանդ"/>
    <country id="762" alpha2="tj" alpha3="tjk" name="Տաջիկստան"/>
    <country id="772" alpha2="tk" alpha3="tkl" name="Տոկելաու"/>
    <country id="626" alpha2="tl" alpha3="tls" name="Արևելյան Թիմոր"/>
    <country id="795" alpha2="tm" alpha3="tkm" name="Թուրքմենստան"/>
    <country id="788" alpha2="tn" alpha3="tun" name="Թունիս"/>
    <country id="776" alpha2="to" alpha3="ton" name="Տոնգա"/>
    <country id="792" alpha2="tr" alpha3="tur" name="Թուրքիա"/>
    <country id="780" alpha2="tt" alpha3="tto" name="Տրինիդադ և Տոբագո"/>
    <country id="798" alpha2="tv" alpha3="tuv" name="Տուվալու"/>
    <country id="158" alpha2="tw" alpha3="twn" name="Թայվան"/>
    <country id="834" alpha2="tz" alpha3="tza" name="Տանզանիա"/>
    <country id="804" alpha2="ua" alpha3="ukr" name="Ուկրաինա"/>
    <country id="800" alpha2="ug" alpha3="uga" name="Ուգանդա"/>
    <country id="581" alpha2="um" alpha3="umi" name="Միացյալ Նահանգների Մինոր Կղզիներ"/>
    <country id="840" alpha2="us" alpha3="usa" name="ԱՄՆ"/>
    <country id="858" alpha2="uy" alpha3="ury" name="Ուրուգվայ"/>
    <country id="860" alpha2="uz" alpha3="uzb" name="Ուզբեկստան"/>
    <country id="336" alpha2="va" alpha3="vat" name="Վատիկան"/>
    <country id="670" alpha2="vc" alpha3="vct" name="Սենտ Վինսենտ և Գրենադիներ"/>
    <country id="862" alpha2="ve" alpha3="ven" name="Վենեսուելա"/>
    <country id="92" alpha2="vg" alpha3="vgb" name="Բրիտանական Վիրջինյան կղզիներ"/>
    <country id="850" alpha2="vi" alpha3="vir" name="Ամերիկյան Վիրջինյան կղզիներ"/>
    <country id="704" alpha2="vn" alpha3="vnm" name="Վիետնամ"/>
    <country id="548" alpha2="vu" alpha3="vut" name="Վանուատու"/>
    <country id="876" alpha2="wf" alpha3="wlf" name="Ուոլիս և Ֆուտունա"/>
    <country id="882" alpha2="ws" alpha3="wsm" name="Սամոա"/>
    <country id="887" alpha2="ye" alpha3="yem" name="Եմեն"/>
    <country id="175" alpha2="yt" alpha3="myt" name="Մայոտա"/>
    <country id="710" alpha2="za" alpha3="zaf" name="Հարավաֆրիկյան Հանրապետություն"/>
    <country id="894" alpha2="zm" alpha3="zmb" name="Զամբիա"/>
    <country id="716" alpha2="zw" alpha3="zwe" name="Զիմբաբվե"/>
</countries>
