[{"id":20,"alpha2":"ad","alpha3":"and","name":"Andoro"},
{"id":784,"alpha2":"ae","alpha3":"are","name":"Unuiĝintaj Arabaj Emirlandoj"},
{"id":4,"alpha2":"af","alpha3":"afg","name":"Afganio"},
{"id":28,"alpha2":"ag","alpha3":"atg","name":"Antigvo kaj Barbudo"},
{"id":660,"alpha2":"ai","alpha3":"aia","name":"Angvilo"},
{"id":8,"alpha2":"al","alpha3":"alb","name":"Albanio"},
{"id":51,"alpha2":"am","alpha3":"arm","name":"Armenio"},
{"id":24,"alpha2":"ao","alpha3":"ago","name":"Angolo"},
{"id":10,"alpha2":"aq","alpha3":"ata","name":"Antarktio"},
{"id":32,"alpha2":"ar","alpha3":"arg","name":"Argentino"},
{"id":16,"alpha2":"as","alpha3":"asm","name":"Usona Samoo"},
{"id":40,"alpha2":"at","alpha3":"aut","name":"Aŭstrio"},
{"id":36,"alpha2":"au","alpha3":"aus","name":"Aŭstralio"},
{"id":533,"alpha2":"aw","alpha3":"abw","name":"Arubo"},
{"id":248,"alpha2":"ax","alpha3":"ala","name":"Alando"},
{"id":31,"alpha2":"az","alpha3":"aze","name":"Azerbajĝano"},
{"id":70,"alpha2":"ba","alpha3":"bih","name":"Bosnio kaj Hercegovino"},
{"id":52,"alpha2":"bb","alpha3":"brb","name":"Barbado"},
{"id":50,"alpha2":"bd","alpha3":"bgd","name":"Bangladeŝo"},
{"id":854,"alpha2":"bf","alpha3":"bfa","name":"Burkino"},
{"id":100,"alpha2":"bg","alpha3":"bgr","name":"Bulgario"},
{"id":48,"alpha2":"bh","alpha3":"bhr","name":"Barejno"},
{"id":108,"alpha2":"bi","alpha3":"bdi","name":"Burundo"},
{"id":204,"alpha2":"bj","alpha3":"ben","name":"Benino"},
{"id":652,"alpha2":"bl","alpha3":"blm","name":"Saint-Barthélemy"},
{"id":60,"alpha2":"bm","alpha3":"bmu","name":"Bermudo"},
{"id":96,"alpha2":"bn","alpha3":"brn","name":"Brunejo"},
{"id":68,"alpha2":"bo","alpha3":"bol","name":"Bolivio"},
{"id":535,"alpha2":"bq","alpha3":"bes","name":"Kariba Nederlando"},
{"id":76,"alpha2":"br","alpha3":"bra","name":"Brazilo"},
{"id":44,"alpha2":"bs","alpha3":"bhs","name":"Bahamoj"},
{"id":64,"alpha2":"bt","alpha3":"btn","name":"Butano"},
{"id":74,"alpha2":"bv","alpha3":"bvt","name":"Buvetinsulo"},
{"id":72,"alpha2":"bw","alpha3":"bwa","name":"Bocvano"},
{"id":112,"alpha2":"by","alpha3":"blr","name":"Belorusio"},
{"id":84,"alpha2":"bz","alpha3":"blz","name":"Belizo"},
{"id":124,"alpha2":"ca","alpha3":"can","name":"Kanado"},
{"id":166,"alpha2":"cc","alpha3":"cck","name":"Kokosinsuloj"},
{"id":180,"alpha2":"cd","alpha3":"cod","name":"Demokratia Respubliko Kongo"},
{"id":140,"alpha2":"cf","alpha3":"caf","name":"Centr-Afrika Respubliko"},
{"id":178,"alpha2":"cg","alpha3":"cog","name":"Respubliko Kongo"},
{"id":756,"alpha2":"ch","alpha3":"che","name":"Svislando"},
{"id":384,"alpha2":"ci","alpha3":"civ","name":"Ebura Bordo"},
{"id":184,"alpha2":"ck","alpha3":"cok","name":"Kukinsuloj"},
{"id":152,"alpha2":"cl","alpha3":"chl","name":"Ĉilio"},
{"id":120,"alpha2":"cm","alpha3":"cmr","name":"Kameruno"},
{"id":156,"alpha2":"cn","alpha3":"chn","name":"Ĉinio"},
{"id":170,"alpha2":"co","alpha3":"col","name":"Kolombio"},
{"id":188,"alpha2":"cr","alpha3":"cri","name":"Kostariko"},
{"id":192,"alpha2":"cu","alpha3":"cub","name":"Kubo"},
{"id":132,"alpha2":"cv","alpha3":"cpv","name":"Kaboverdo"},
{"id":531,"alpha2":"cw","alpha3":"cuw","name":"Kuracao"},
{"id":162,"alpha2":"cx","alpha3":"cxr","name":"Kristnaskinsulo"},
{"id":196,"alpha2":"cy","alpha3":"cyp","name":"Kipro"},
{"id":203,"alpha2":"cz","alpha3":"cze","name":"Ĉeĥio"},
{"id":276,"alpha2":"de","alpha3":"deu","name":"Germanio"},
{"id":262,"alpha2":"dj","alpha3":"dji","name":"Ĝibutio"},
{"id":208,"alpha2":"dk","alpha3":"dnk","name":"Danio"},
{"id":212,"alpha2":"dm","alpha3":"dma","name":"Dominiko"},
{"id":214,"alpha2":"do","alpha3":"dom","name":"Dominika Respubliko"},
{"id":12,"alpha2":"dz","alpha3":"dza","name":"Alĝerio"},
{"id":218,"alpha2":"ec","alpha3":"ecu","name":"Ekvadoro"},
{"id":233,"alpha2":"ee","alpha3":"est","name":"Estonio"},
{"id":818,"alpha2":"eg","alpha3":"egy","name":"Egiptio"},
{"id":732,"alpha2":"eh","alpha3":"esh","name":"Okcidenta Saharo"},
{"id":232,"alpha2":"er","alpha3":"eri","name":"Eritreo"},
{"id":724,"alpha2":"es","alpha3":"esp","name":"Hispanio"},
{"id":231,"alpha2":"et","alpha3":"eth","name":"Etiopio"},
{"id":246,"alpha2":"fi","alpha3":"fin","name":"Finnlando"},
{"id":242,"alpha2":"fj","alpha3":"fji","name":"Fiĝio"},
{"id":238,"alpha2":"fk","alpha3":"flk","name":"Insuloj Falklandoj"},
{"id":583,"alpha2":"fm","alpha3":"fsm","name":"Federacio de Mikronezio"},
{"id":234,"alpha2":"fo","alpha3":"fro","name":"Ferooj"},
{"id":250,"alpha2":"fr","alpha3":"fra","name":"Francio"},
{"id":266,"alpha2":"ga","alpha3":"gab","name":"Gabono"},
{"id":826,"alpha2":"gb","alpha3":"gbr","name":"Britio"},
{"id":308,"alpha2":"gd","alpha3":"grd","name":"Grenado"},
{"id":268,"alpha2":"ge","alpha3":"geo","name":"Kartvelio"},
{"id":254,"alpha2":"gf","alpha3":"guf","name":"Franca Gujano"},
{"id":831,"alpha2":"gg","alpha3":"ggy","name":"Gvernsejo"},
{"id":288,"alpha2":"gh","alpha3":"gha","name":"Ganao"},
{"id":292,"alpha2":"gi","alpha3":"gib","name":"Ĝibraltaro"},
{"id":304,"alpha2":"gl","alpha3":"grl","name":"Gronlando"},
{"id":270,"alpha2":"gm","alpha3":"gmb","name":"Gambio"},
{"id":324,"alpha2":"gn","alpha3":"gin","name":"Gvineo"},
{"id":312,"alpha2":"gp","alpha3":"glp","name":"Gvadelupo"},
{"id":226,"alpha2":"gq","alpha3":"gnq","name":"Ekvatora Gvineo"},
{"id":300,"alpha2":"gr","alpha3":"grc","name":"Grekio"},
{"id":239,"alpha2":"gs","alpha3":"sgs","name":"Sud-Georgio kaj Sud-Sandviĉinsuloj"},
{"id":320,"alpha2":"gt","alpha3":"gtm","name":"Gvatemalo"},
{"id":316,"alpha2":"gu","alpha3":"gum","name":"Gvamo"},
{"id":624,"alpha2":"gw","alpha3":"gnb","name":"Gvineo Bisaŭa"},
{"id":328,"alpha2":"gy","alpha3":"guy","name":"Gujano"},
{"id":344,"alpha2":"hk","alpha3":"hkg","name":"Honkongo"},
{"id":334,"alpha2":"hm","alpha3":"hmd","name":"Insulo Herdo kaj insuloj Makdonaldaj"},
{"id":340,"alpha2":"hn","alpha3":"hnd","name":"Honduro"},
{"id":191,"alpha2":"hr","alpha3":"hrv","name":"Kroatio"},
{"id":332,"alpha2":"ht","alpha3":"hti","name":"Haitio"},
{"id":348,"alpha2":"hu","alpha3":"hun","name":"Hungario"},
{"id":360,"alpha2":"id","alpha3":"idn","name":"Indonezio"},
{"id":372,"alpha2":"ie","alpha3":"irl","name":"Irlando"},
{"id":376,"alpha2":"il","alpha3":"isr","name":"Israelo"},
{"id":833,"alpha2":"im","alpha3":"imn","name":"Mankso"},
{"id":356,"alpha2":"in","alpha3":"ind","name":"Barato"},
{"id":86,"alpha2":"io","alpha3":"iot","name":"Brita Hindoceana Teritorio"},
{"id":368,"alpha2":"iq","alpha3":"irq","name":"Irako"},
{"id":364,"alpha2":"ir","alpha3":"irn","name":"Irano"},
{"id":352,"alpha2":"is","alpha3":"isl","name":"Islando"},
{"id":380,"alpha2":"it","alpha3":"ita","name":"Italio"},
{"id":832,"alpha2":"je","alpha3":"jey","name":"Ĵersejo"},
{"id":388,"alpha2":"jm","alpha3":"jam","name":"Jamajko"},
{"id":400,"alpha2":"jo","alpha3":"jor","name":"Jordanio"},
{"id":392,"alpha2":"jp","alpha3":"jpn","name":"Japanio"},
{"id":404,"alpha2":"ke","alpha3":"ken","name":"Kenjo"},
{"id":417,"alpha2":"kg","alpha3":"kgz","name":"Kirgizio"},
{"id":116,"alpha2":"kh","alpha3":"khm","name":"Kamboĝo"},
{"id":296,"alpha2":"ki","alpha3":"kir","name":"Kiribato"},
{"id":174,"alpha2":"km","alpha3":"com","name":"Komoroj"},
{"id":659,"alpha2":"kn","alpha3":"kna","name":"Sankta-Kito kaj Neviso"},
{"id":408,"alpha2":"kp","alpha3":"prk","name":"Nord-Koreio"},
{"id":410,"alpha2":"kr","alpha3":"kor","name":"Sud-Koreio"},
{"id":414,"alpha2":"kw","alpha3":"kwt","name":"Kuvajto"},
{"id":136,"alpha2":"ky","alpha3":"cym","name":"Kajmana Insularo"},
{"id":398,"alpha2":"kz","alpha3":"kaz","name":"Kazaĥio"},
{"id":418,"alpha2":"la","alpha3":"lao","name":"Laoso"},
{"id":422,"alpha2":"lb","alpha3":"lbn","name":"Libano"},
{"id":662,"alpha2":"lc","alpha3":"lca","name":"Sankta Lucio"},
{"id":438,"alpha2":"li","alpha3":"lie","name":"Liĥtenŝtejno"},
{"id":144,"alpha2":"lk","alpha3":"lka","name":"Srilanko"},
{"id":430,"alpha2":"lr","alpha3":"lbr","name":"Liberio"},
{"id":426,"alpha2":"ls","alpha3":"lso","name":"Lesoto"},
{"id":440,"alpha2":"lt","alpha3":"ltu","name":"Litovio"},
{"id":442,"alpha2":"lu","alpha3":"lux","name":"Luksemburgo"},
{"id":428,"alpha2":"lv","alpha3":"lva","name":"Latvio"},
{"id":434,"alpha2":"ly","alpha3":"lby","name":"Libio"},
{"id":504,"alpha2":"ma","alpha3":"mar","name":"Maroko"},
{"id":492,"alpha2":"mc","alpha3":"mco","name":"Monako"},
{"id":498,"alpha2":"md","alpha3":"mda","name":"Moldavio"},
{"id":499,"alpha2":"me","alpha3":"mne","name":"Montenegro"},
{"id":663,"alpha2":"mf","alpha3":"maf","name":"Saint-Martin"},
{"id":450,"alpha2":"mg","alpha3":"mdg","name":"Madagaskaro"},
{"id":584,"alpha2":"mh","alpha3":"mhl","name":"Marŝala Insularo"},
{"id":807,"alpha2":"mk","alpha3":"mkd","name":"Nord-Makedonio"},
{"id":466,"alpha2":"ml","alpha3":"mli","name":"Malio"},
{"id":104,"alpha2":"mm","alpha3":"mmr","name":"Birmo"},
{"id":496,"alpha2":"mn","alpha3":"mng","name":"Mongolio"},
{"id":446,"alpha2":"mo","alpha3":"mac","name":"Makao"},
{"id":580,"alpha2":"mp","alpha3":"mnp","name":"Nord-Marianoj"},
{"id":474,"alpha2":"mq","alpha3":"mtq","name":"Martiniko"},
{"id":478,"alpha2":"mr","alpha3":"mrt","name":"Maŭritanio"},
{"id":500,"alpha2":"ms","alpha3":"msr","name":"Moncerato"},
{"id":470,"alpha2":"mt","alpha3":"mlt","name":"Malto"},
{"id":480,"alpha2":"mu","alpha3":"mus","name":"Maŭricio"},
{"id":462,"alpha2":"mv","alpha3":"mdv","name":"Maldivoj"},
{"id":454,"alpha2":"mw","alpha3":"mwi","name":"Malavio"},
{"id":484,"alpha2":"mx","alpha3":"mex","name":"Meksiko"},
{"id":458,"alpha2":"my","alpha3":"mys","name":"Malajzio"},
{"id":508,"alpha2":"mz","alpha3":"moz","name":"Mozambiko"},
{"id":516,"alpha2":"na","alpha3":"nam","name":"Namibio"},
{"id":540,"alpha2":"nc","alpha3":"ncl","name":"Nov-Kaledonio"},
{"id":562,"alpha2":"ne","alpha3":"ner","name":"Niĝero"},
{"id":574,"alpha2":"nf","alpha3":"nfk","name":"Norfolkinsulo"},
{"id":566,"alpha2":"ng","alpha3":"nga","name":"Niĝerio"},
{"id":558,"alpha2":"ni","alpha3":"nic","name":"Nikaragvo"},
{"id":528,"alpha2":"nl","alpha3":"nld","name":"Nederlando"},
{"id":578,"alpha2":"no","alpha3":"nor","name":"Norvegio"},
{"id":524,"alpha2":"np","alpha3":"npl","name":"Nepalo"},
{"id":520,"alpha2":"nr","alpha3":"nru","name":"Nauro"},
{"id":570,"alpha2":"nu","alpha3":"niu","name":"Niuo"},
{"id":554,"alpha2":"nz","alpha3":"nzl","name":"Nov-Zelando"},
{"id":512,"alpha2":"om","alpha3":"omn","name":"Omano"},
{"id":591,"alpha2":"pa","alpha3":"pan","name":"Panamo"},
{"id":604,"alpha2":"pe","alpha3":"per","name":"Peruo"},
{"id":258,"alpha2":"pf","alpha3":"pyf","name":"Franca Polinezio"},
{"id":598,"alpha2":"pg","alpha3":"png","name":"Papuo-Nov-Gvineo"},
{"id":608,"alpha2":"ph","alpha3":"phl","name":"Filipinoj"},
{"id":586,"alpha2":"pk","alpha3":"pak","name":"Pakistano"},
{"id":616,"alpha2":"pl","alpha3":"pol","name":"Pollando"},
{"id":666,"alpha2":"pm","alpha3":"spm","name":"Sankta-Piero kaj Mikelono"},
{"id":612,"alpha2":"pn","alpha3":"pcn","name":"Pitkarna Insularo"},
{"id":630,"alpha2":"pr","alpha3":"pri","name":"Porto-Riko"},
{"id":275,"alpha2":"ps","alpha3":"pse","name":"Palestino"},
{"id":620,"alpha2":"pt","alpha3":"prt","name":"Portugalio"},
{"id":585,"alpha2":"pw","alpha3":"plw","name":"Palaŭo"},
{"id":600,"alpha2":"py","alpha3":"pry","name":"Paragvajo"},
{"id":634,"alpha2":"qa","alpha3":"qat","name":"Kataro"},
{"id":638,"alpha2":"re","alpha3":"reu","name":"Reunio"},
{"id":642,"alpha2":"ro","alpha3":"rou","name":"Rumanio"},
{"id":688,"alpha2":"rs","alpha3":"srb","name":"Serbio"},
{"id":643,"alpha2":"ru","alpha3":"rus","name":"Rusio"},
{"id":646,"alpha2":"rw","alpha3":"rwa","name":"Ruando"},
{"id":682,"alpha2":"sa","alpha3":"sau","name":"Sauda Arabio"},
{"id":90,"alpha2":"sb","alpha3":"slb","name":"Salomonoj"},
{"id":690,"alpha2":"sc","alpha3":"syc","name":"Sejŝeloj"},
{"id":729,"alpha2":"sd","alpha3":"sdn","name":"Sudano"},
{"id":752,"alpha2":"se","alpha3":"swe","name":"Svedio"},
{"id":702,"alpha2":"sg","alpha3":"sgp","name":"Singapuro"},
{"id":654,"alpha2":"sh","alpha3":"shn","name":"Sankta Heleno, Ascension kaj Tristan da Cunha"},
{"id":705,"alpha2":"si","alpha3":"svn","name":"Slovenio"},
{"id":744,"alpha2":"sj","alpha3":"sjm","name":"Svalbardo kaj Jan-Majen-insulo"},
{"id":703,"alpha2":"sk","alpha3":"svk","name":"Slovakio"},
{"id":694,"alpha2":"sl","alpha3":"sle","name":"Sieraleono"},
{"id":674,"alpha2":"sm","alpha3":"smr","name":"San-Marino"},
{"id":686,"alpha2":"sn","alpha3":"sen","name":"Senegalo"},
{"id":706,"alpha2":"so","alpha3":"som","name":"Somalio"},
{"id":740,"alpha2":"sr","alpha3":"sur","name":"Surinamo"},
{"id":728,"alpha2":"ss","alpha3":"ssd","name":"Sud-Sudano"},
{"id":678,"alpha2":"st","alpha3":"stp","name":"Santomeo kaj Principeo"},
{"id":222,"alpha2":"sv","alpha3":"slv","name":"Salvadoro"},
{"id":534,"alpha2":"sx","alpha3":"sxm","name":"Sint-Maarten"},
{"id":760,"alpha2":"sy","alpha3":"syr","name":"Sirio"},
{"id":748,"alpha2":"sz","alpha3":"swz","name":"Svazilando"},
{"id":796,"alpha2":"tc","alpha3":"tca","name":"Turkoj kaj Kajkoj"},
{"id":148,"alpha2":"td","alpha3":"tcd","name":"Ĉado"},
{"id":260,"alpha2":"tf","alpha3":"atf","name":"Francaj Sudaj Teritorioj"},
{"id":768,"alpha2":"tg","alpha3":"tgo","name":"Togolando"},
{"id":764,"alpha2":"th","alpha3":"tha","name":"Tajlando"},
{"id":762,"alpha2":"tj","alpha3":"tjk","name":"Taĝikio"},
{"id":772,"alpha2":"tk","alpha3":"tkl","name":"Tokelao"},
{"id":626,"alpha2":"tl","alpha3":"tls","name":"Orienta Timoro"},
{"id":795,"alpha2":"tm","alpha3":"tkm","name":"Turkmenio"},
{"id":788,"alpha2":"tn","alpha3":"tun","name":"Tunizio"},
{"id":776,"alpha2":"to","alpha3":"ton","name":"Tongo"},
{"id":792,"alpha2":"tr","alpha3":"tur","name":"Turkio"},
{"id":780,"alpha2":"tt","alpha3":"tto","name":"Trinidado kaj Tobago"},
{"id":798,"alpha2":"tv","alpha3":"tuv","name":"Tuvalo"},
{"id":158,"alpha2":"tw","alpha3":"twn","name":"Tajvano"},
{"id":834,"alpha2":"tz","alpha3":"tza","name":"Tanzanio"},
{"id":804,"alpha2":"ua","alpha3":"ukr","name":"Ukrainio"},
{"id":800,"alpha2":"ug","alpha3":"uga","name":"Ugando"},
{"id":581,"alpha2":"um","alpha3":"umi","name":"Usonaj Malgrandaj Insuloj"},
{"id":840,"alpha2":"us","alpha3":"usa","name":"Usono"},
{"id":858,"alpha2":"uy","alpha3":"ury","name":"Urugvajo"},
{"id":860,"alpha2":"uz","alpha3":"uzb","name":"Uzbekio"},
{"id":336,"alpha2":"va","alpha3":"vat","name":"Vatikanurbo"},
{"id":670,"alpha2":"vc","alpha3":"vct","name":"Sankta Vincento kaj la Grenadinoj"},
{"id":862,"alpha2":"ve","alpha3":"ven","name":"Venezuelo"},
{"id":92,"alpha2":"vg","alpha3":"vgb","name":"Britaj Virgulininsuloj"},
{"id":850,"alpha2":"vi","alpha3":"vir","name":"Usonaj Virgulininsuloj"},
{"id":704,"alpha2":"vn","alpha3":"vnm","name":"Vjetnamio"},
{"id":548,"alpha2":"vu","alpha3":"vut","name":"Vanuatuo"},
{"id":876,"alpha2":"wf","alpha3":"wlf","name":"Valiso kaj Futuno"},
{"id":882,"alpha2":"ws","alpha3":"wsm","name":"Samoo"},
{"id":887,"alpha2":"ye","alpha3":"yem","name":"Jemeno"},
{"id":175,"alpha2":"yt","alpha3":"myt","name":"Majoto"},
{"id":710,"alpha2":"za","alpha3":"zaf","name":"Sud-Afriko"},
{"id":894,"alpha2":"zm","alpha3":"zmb","name":"Zambio"},
{"id":716,"alpha2":"zw","alpha3":"zwe","name":"Zimbabvo"},
{"id":56,"alpha2":"be","alpha3":"bel","name":"Belgio"}]