[{"id":4,"alpha2":"af","alpha3":"afg","name":"Afganistan"},
{"id":8,"alpha2":"al","alpha3":"alb","name":"Albaania"},
{"id":12,"alpha2":"dz","alpha3":"dza","name":"Alžeeria"},
{"id":840,"alpha2":"us","alpha3":"usa","name":"Ameerika Ühendriigid"},
{"id":20,"alpha2":"ad","alpha3":"and","name":"Andorra"},
{"id":24,"alpha2":"ao","alpha3":"ago","name":"Angola"},
{"id":28,"alpha2":"ag","alpha3":"atg","name":"Antigua ja Barbuda"},
{"id":784,"alpha2":"ae","alpha3":"are","name":"Araabia Ühendemiraadid"},
{"id":32,"alpha2":"ar","alpha3":"arg","name":"Argentina"},
{"id":51,"alpha2":"am","alpha3":"arm","name":"Armeenia"},
{"id":36,"alpha2":"au","alpha3":"aus","name":"Austraalia"},
{"id":40,"alpha2":"at","alpha3":"aut","name":"Austria"},
{"id":31,"alpha2":"az","alpha3":"aze","name":"Aserbaidžaan"},
{"id":44,"alpha2":"bs","alpha3":"bhs","name":"Bahama"},
{"id":48,"alpha2":"bh","alpha3":"bhr","name":"Bahrein"},
{"id":50,"alpha2":"bd","alpha3":"bgd","name":"Bangladesh"},
{"id":52,"alpha2":"bb","alpha3":"brb","name":"Barbados"},
{"id":585,"alpha2":"pw","alpha3":"plw","name":"Belau"},
{"id":56,"alpha2":"be","alpha3":"bel","name":"Belgia"},
{"id":84,"alpha2":"bz","alpha3":"blz","name":"Belize"},
{"id":204,"alpha2":"bj","alpha3":"ben","name":"Benin"},
{"id":64,"alpha2":"bt","alpha3":"btn","name":"Bhutan"},
{"id":104,"alpha2":"mm","alpha3":"mmr","name":"Birma"},
{"id":68,"alpha2":"bo","alpha3":"bol","name":"Boliivia"},
{"id":70,"alpha2":"ba","alpha3":"bih","name":"Bosnia ja Hertsegoviina"},
{"id":72,"alpha2":"bw","alpha3":"bwa","name":"Botswana"},
{"id":76,"alpha2":"br","alpha3":"bra","name":"Brasiilia"},
{"id":96,"alpha2":"bn","alpha3":"brn","name":"Brunei"},
{"id":100,"alpha2":"bg","alpha3":"bgr","name":"Bulgaaria"},
{"id":854,"alpha2":"bf","alpha3":"bfa","name":"Burkina Faso"},
{"id":108,"alpha2":"bi","alpha3":"bdi","name":"Burundi"},
{"id":170,"alpha2":"co","alpha3":"col","name":"Colombia"},
{"id":188,"alpha2":"cr","alpha3":"cri","name":"Costa Rica"},
{"id":262,"alpha2":"dj","alpha3":"dji","name":"Djibouti"},
{"id":212,"alpha2":"dm","alpha3":"dma","name":"Dominica"},
{"id":214,"alpha2":"do","alpha3":"dom","name":"Dominikaani Vabariik"},
{"id":218,"alpha2":"ec","alpha3":"ecu","name":"Ecuador"},
{"id":233,"alpha2":"ee","alpha3":"est","name":"Eesti"},
{"id":818,"alpha2":"eg","alpha3":"egy","name":"Egiptus"},
{"id":226,"alpha2":"gq","alpha3":"gnq","name":"Ekvatoriaal-Guinea"},
{"id":222,"alpha2":"sv","alpha3":"slv","name":"El Salvador"},
{"id":384,"alpha2":"ci","alpha3":"civ","name":"Elevandiluurannik"},
{"id":232,"alpha2":"er","alpha3":"eri","name":"Eritrea"},
{"id":231,"alpha2":"et","alpha3":"eth","name":"Etioopia"},
{"id":242,"alpha2":"fj","alpha3":"fji","name":"Fidži"},
{"id":266,"alpha2":"ga","alpha3":"gab","name":"Gabon"},
{"id":270,"alpha2":"gm","alpha3":"gmb","name":"Gambia"},
{"id":288,"alpha2":"gh","alpha3":"gha","name":"Ghana"},
{"id":308,"alpha2":"gd","alpha3":"grd","name":"Grenada"},
{"id":268,"alpha2":"ge","alpha3":"geo","name":"Gruusia"},
{"id":320,"alpha2":"gt","alpha3":"gtm","name":"Guatemala"},
{"id":324,"alpha2":"gn","alpha3":"gin","name":"Guinea"},
{"id":624,"alpha2":"gw","alpha3":"gnb","name":"Guinea-Bissau"},
{"id":328,"alpha2":"gy","alpha3":"guy","name":"Guyana"},
{"id":608,"alpha2":"ph","alpha3":"phl","name":"Filipiinid"},
{"id":332,"alpha2":"ht","alpha3":"hti","name":"Haiti"},
{"id":156,"alpha2":"cn","alpha3":"chn","name":"Hiina"},
{"id":724,"alpha2":"es","alpha3":"esp","name":"Hispaania"},
{"id":528,"alpha2":"nl","alpha3":"nld","name":"Holland"},
{"id":340,"alpha2":"hn","alpha3":"hnd","name":"Honduras"},
{"id":191,"alpha2":"hr","alpha3":"hrv","name":"Horvaatia"},
{"id":372,"alpha2":"ie","alpha3":"irl","name":"Iirimaa"},
{"id":376,"alpha2":"il","alpha3":"isr","name":"Iisrael"},
{"id":626,"alpha2":"tl","alpha3":"tls","name":"Ida-Timor"},
{"id":356,"alpha2":"in","alpha3":"ind","name":"India"},
{"id":360,"alpha2":"id","alpha3":"idn","name":"Indoneesia"},
{"id":352,"alpha2":"is","alpha3":"isl","name":"Island"},
{"id":368,"alpha2":"iq","alpha3":"irq","name":"Iraak"},
{"id":364,"alpha2":"ir","alpha3":"irn","name":"Iraan"},
{"id":380,"alpha2":"it","alpha3":"ita","name":"Itaalia"},
{"id":392,"alpha2":"jp","alpha3":"jpn","name":"Jaapan"},
{"id":388,"alpha2":"jm","alpha3":"jam","name":"Jamaica"},
{"id":887,"alpha2":"ye","alpha3":"yem","name":"Jeemen"},
{"id":400,"alpha2":"jo","alpha3":"jor","name":"Jordaania"},
{"id":116,"alpha2":"kh","alpha3":"khm","name":"Kambodža"},
{"id":120,"alpha2":"cm","alpha3":"cmr","name":"Kamerun"},
{"id":124,"alpha2":"ca","alpha3":"can","name":"Kanada"},
{"id":398,"alpha2":"kz","alpha3":"kaz","name":"Kasahstan"},
{"id":634,"alpha2":"qa","alpha3":"qat","name":"Katar"},
{"id":404,"alpha2":"ke","alpha3":"ken","name":"Keenia"},
{"id":140,"alpha2":"cf","alpha3":"caf","name":"Kesk-Aafrika Vabariik"},
{"id":296,"alpha2":"ki","alpha3":"kir","name":"Kiribati"},
{"id":174,"alpha2":"km","alpha3":"com","name":"Komoorid"},
{"id":180,"alpha2":"cd","alpha3":"cod","name":"Kongo Demokraatlik Vabariik"},
{"id":178,"alpha2":"cg","alpha3":"cog","name":"Kongo Vabariik"},
{"id":300,"alpha2":"gr","alpha3":"grc","name":"Kreeka"},
{"id":192,"alpha2":"cu","alpha3":"cub","name":"Kuuba"},
{"id":414,"alpha2":"kw","alpha3":"kwt","name":"Kuveit"},
{"id":196,"alpha2":"cy","alpha3":"cyp","name":"Küpros"},
{"id":417,"alpha2":"kg","alpha3":"kgz","name":"Kõrgõzstan"},
{"id":418,"alpha2":"la","alpha3":"lao","name":"Laos"},
{"id":440,"alpha2":"lt","alpha3":"ltu","name":"Leedu"},
{"id":426,"alpha2":"ls","alpha3":"lso","name":"Lesotho"},
{"id":422,"alpha2":"lb","alpha3":"lbn","name":"Liibanon"},
{"id":430,"alpha2":"lr","alpha3":"lbr","name":"Libeeria"},
{"id":438,"alpha2":"li","alpha3":"lie","name":"Liechtenstein"},
{"id":434,"alpha2":"ly","alpha3":"lby","name":"Liibüa"},
{"id":442,"alpha2":"lu","alpha3":"lux","name":"Luksemburg"},
{"id":710,"alpha2":"za","alpha3":"zaf","name":"Lõuna-Aafrika Vabariik"},
{"id":410,"alpha2":"kr","alpha3":"kor","name":"Lõuna-Korea"},
{"id":728,"alpha2":"ss","alpha3":"ssd","name":"Lõuna-Sudaan"},
{"id":428,"alpha2":"lv","alpha3":"lva","name":"Läti"},
{"id":450,"alpha2":"mg","alpha3":"mdg","name":"Madagaskar"},
{"id":458,"alpha2":"my","alpha3":"mys","name":"Malaisia"},
{"id":454,"alpha2":"mw","alpha3":"mwi","name":"Malawi"},
{"id":462,"alpha2":"mv","alpha3":"mdv","name":"Maldiivid"},
{"id":466,"alpha2":"ml","alpha3":"mli","name":"Mali"},
{"id":470,"alpha2":"mt","alpha3":"mlt","name":"Malta"},
{"id":504,"alpha2":"ma","alpha3":"mar","name":"Maroko"},
{"id":584,"alpha2":"mh","alpha3":"mhl","name":"Marshalli Saared"},
{"id":478,"alpha2":"mr","alpha3":"mrt","name":"Mauritaania"},
{"id":480,"alpha2":"mu","alpha3":"mus","name":"Mauritius"},
{"id":484,"alpha2":"mx","alpha3":"mex","name":"Mehhiko"},
{"id":583,"alpha2":"fm","alpha3":"fsm","name":"Mikroneesia Liiduriigid"},
{"id":498,"alpha2":"md","alpha3":"mda","name":"Moldova"},
{"id":492,"alpha2":"mc","alpha3":"mco","name":"Monaco"},
{"id":496,"alpha2":"mn","alpha3":"mng","name":"Mongoolia"},
{"id":499,"alpha2":"me","alpha3":"mne","name":"Montenegro"},
{"id":508,"alpha2":"mz","alpha3":"moz","name":"Mosambiik"},
{"id":516,"alpha2":"na","alpha3":"nam","name":"Namiibia"},
{"id":520,"alpha2":"nr","alpha3":"nru","name":"Nauru"},
{"id":524,"alpha2":"np","alpha3":"npl","name":"Nepal"},
{"id":558,"alpha2":"ni","alpha3":"nic","name":"Nicaragua"},
{"id":566,"alpha2":"ng","alpha3":"nga","name":"Nigeeria"},
{"id":562,"alpha2":"ne","alpha3":"ner","name":"Niger"},
{"id":578,"alpha2":"no","alpha3":"nor","name":"Norra"},
{"id":512,"alpha2":"om","alpha3":"omn","name":"Omaan"},
{"id":598,"alpha2":"pg","alpha3":"png","name":"Paapua Uus-Guinea"},
{"id":586,"alpha2":"pk","alpha3":"pak","name":"Pakistan"},
{"id":591,"alpha2":"pa","alpha3":"pan","name":"Panama"},
{"id":600,"alpha2":"py","alpha3":"pry","name":"Paraguay"},
{"id":604,"alpha2":"pe","alpha3":"per","name":"Peruu"},
{"id":616,"alpha2":"pl","alpha3":"pol","name":"Poola"},
{"id":620,"alpha2":"pt","alpha3":"prt","name":"Portugal"},
{"id":250,"alpha2":"fr","alpha3":"fra","name":"Prantsusmaa"},
{"id":408,"alpha2":"kp","alpha3":"prk","name":"Põhja-Korea"},
{"id":807,"alpha2":"mk","alpha3":"mkd","name":"Põhja-Makedoonia"},
{"id":132,"alpha2":"cv","alpha3":"cpv","name":"Roheneemesaared"},
{"id":752,"alpha2":"se","alpha3":"swe","name":"Rootsi"},
{"id":642,"alpha2":"ro","alpha3":"rou","name":"Rumeenia"},
{"id":646,"alpha2":"rw","alpha3":"rwa","name":"Rwanda"},
{"id":90,"alpha2":"sb","alpha3":"slb","name":"Saalomoni Saared"},
{"id":659,"alpha2":"kn","alpha3":"kna","name":"Saint Kitts ja Nevis"},
{"id":662,"alpha2":"lc","alpha3":"lca","name":"Saint Lucia"},
{"id":670,"alpha2":"vc","alpha3":"vct","name":"Saint Vincent ja Grenadiinid"},
{"id":276,"alpha2":"de","alpha3":"deu","name":"Saksamaa"},
{"id":894,"alpha2":"zm","alpha3":"zmb","name":"Sambia"},
{"id":882,"alpha2":"ws","alpha3":"wsm","name":"Samoa"},
{"id":674,"alpha2":"sm","alpha3":"smr","name":"San Marino"},
{"id":678,"alpha2":"st","alpha3":"stp","name":"São Tomé ja Príncipe"},
{"id":682,"alpha2":"sa","alpha3":"sau","name":"Saudi Araabia"},
{"id":690,"alpha2":"sc","alpha3":"syc","name":"Seišellid"},
{"id":686,"alpha2":"sn","alpha3":"sen","name":"Senegal"},
{"id":688,"alpha2":"rs","alpha3":"srb","name":"Serbia"},
{"id":694,"alpha2":"sl","alpha3":"sle","name":"Sierra Leone"},
{"id":702,"alpha2":"sg","alpha3":"sgp","name":"Singapur"},
{"id":703,"alpha2":"sk","alpha3":"svk","name":"Slovakkia"},
{"id":705,"alpha2":"si","alpha3":"svn","name":"Sloveenia"},
{"id":706,"alpha2":"so","alpha3":"som","name":"Somaalia"},
{"id":246,"alpha2":"fi","alpha3":"fin","name":"Soome"},
{"id":144,"alpha2":"lk","alpha3":"lka","name":"Sri Lanka"},
{"id":729,"alpha2":"sd","alpha3":"sdn","name":"Sudaan"},
{"id":740,"alpha2":"sr","alpha3":"sur","name":"Suriname"},
{"id":826,"alpha2":"gb","alpha3":"gbr","name":"Suurbritannia"},
{"id":748,"alpha2":"sz","alpha3":"swz","name":"Svaasimaa"},
{"id":760,"alpha2":"sy","alpha3":"syr","name":"Süüria"},
{"id":756,"alpha2":"ch","alpha3":"che","name":"Šveits"},
{"id":716,"alpha2":"zw","alpha3":"zwe","name":"Zimbabwe"},
{"id":208,"alpha2":"dk","alpha3":"dnk","name":"Taani"},
{"id":762,"alpha2":"tj","alpha3":"tjk","name":"Tadžikistan"},
{"id":764,"alpha2":"th","alpha3":"tha","name":"Tai"},
{"id":834,"alpha2":"tz","alpha3":"tza","name":"Tansaania"},
{"id":768,"alpha2":"tg","alpha3":"tgo","name":"Togo"},
{"id":776,"alpha2":"to","alpha3":"ton","name":"Tonga"},
{"id":780,"alpha2":"tt","alpha3":"tto","name":"Trinidad ja Tobago"},
{"id":148,"alpha2":"td","alpha3":"tcd","name":"Tšaad"},
{"id":203,"alpha2":"cz","alpha3":"cze","name":"Tšehhi"},
{"id":152,"alpha2":"cl","alpha3":"chl","name":"Tšiili"},
{"id":788,"alpha2":"tn","alpha3":"tun","name":"Tuneesia"},
{"id":792,"alpha2":"tr","alpha3":"tur","name":"Türgi"},
{"id":795,"alpha2":"tm","alpha3":"tkm","name":"Türkmenistan"},
{"id":798,"alpha2":"tv","alpha3":"tuv","name":"Tuvalu"},
{"id":800,"alpha2":"ug","alpha3":"uga","name":"Uganda"},
{"id":804,"alpha2":"ua","alpha3":"ukr","name":"Ukraina"},
{"id":348,"alpha2":"hu","alpha3":"hun","name":"Ungari"},
{"id":858,"alpha2":"uy","alpha3":"ury","name":"Uruguay"},
{"id":860,"alpha2":"uz","alpha3":"uzb","name":"Usbekistan"},
{"id":554,"alpha2":"nz","alpha3":"nzl","name":"Uus-Meremaa"},
{"id":112,"alpha2":"by","alpha3":"blr","name":"Valgevene"},
{"id":548,"alpha2":"vu","alpha3":"vut","name":"Vanuatu"},
{"id":643,"alpha2":"ru","alpha3":"rus","name":"Venemaa"},
{"id":862,"alpha2":"ve","alpha3":"ven","name":"Venezuela"},
{"id":704,"alpha2":"vn","alpha3":"vnm","name":"Vietnam"}]